Ime,Znamka,Količina,Cena,Originalna cena,Popust,Prednosti
3-kreatin malat,AllNutrition,250 g,21.99 €,,,"['za napitek z aromo pomaranče', 'za športnike in bodybilderje', 'v zelo topni obliki']"
L-karnitin shot – napitek s kofeinom,Genius Nutrition,12 x 80 ml,20.99 €,22.99 €,-9%,"['s kofeinom', 'zmanjšanje utrujenosti', 'okus malina-citrusi']"
Kofein PLUS,Sanct Bernhard,120 kapsul,13.99 €,18.99 €,-26%,"['izvleček zelenega čaja in kave', 'visok odmerek', 'z vitamini B kompleksa']"
Electrovit shot – napitek z elektroliti,ActivLab,12 x 80 ml,18.99 €,,,"['podpora hidraciji', 'magnezij, kalij, kalcij, klorid', 'okus jagode']"
Joint + – kompleks za mišice in sklepe,QNT,60 kapsul,16.99 €,,,"['s kalcijem in vitaminom D3', 'podpora kostem in vezivnim tkivom', 'glukozamin + hondroitin']"
Beta-alanin,AllNutrition,240 kapsul,14.49 €,,,"['za več energije', 'aminokislina', 'tavrin + vitamin B6']"
CLA 3000 mg,WeightWorld,180 mehkih kapsul,16.99 €,,,"['konjugirana linolna kislina', '3000 mg v 3 kapsulah', 'omega-6 iz olja žafranike']"
Tavrin,Herbafit,180 kapsul,15.49 €,17.99 €,-14%,"['visoka stopnja absorpcije', 'zmanjševanje utrujenosti', 'z vitaminom B2']"
3x BIO Konopljini proteini,FutuNatura,skupaj 1500 g,37.49 €,43.47 €,-14%,"['\u200brastlinski vir\xa0beljakovin', 'iz ekološke pridelave', 'obogatitev prehrane']"
Kofein 200 mg,AllNutrition,100 kapsul,9.99 €,,,"['standardizirana vsebnost', 'odlično za športnike', 'za pred vadbo']"
L-Arginin 500 mg,Sanct Bernhard,150 kapsul,15.99 €,16.49 €,-3%,"['500 mg čisti L-arginin', 'B6, B12 in folna kislina', 'nepogrešljiva aminokislina']"
WARCRY® proteinska ploščica – arašidi in karamela,Genius Nutrition,55 g,1.99 €,,,"['s sladilom', 'visoka vsebnost beljakovin', 'brez dodanih sladkorjev']"
V-Protein 4K veganski proteini – malinov jogurt,ProFuel,750 g,22.49 €,,,"['mešanica 4 rastlinskih proteinov', 'visoka vsebnost beljakovin', 'brez\xa0laktoze']"
Overdrive pre-workout v prahu – mango,QNT,390 g,15.99 €,29.99 €,-47%,"['za športnike', 'aminokisline + kofein', 'koncentracija, moč, vzdržljivost']"
L-treonin 500 mg,Vita World,120 kapsul,27.49 €,,,"['aktivna oblika', 'aminokislina', 'optimalna vsebnost']"
3x Pre-Workout – prah za pripravo napitka,OnEnergy,skupaj 930 g,53.99 €,74.97 €,-28%,"['ustvarjeno za športnike', 'za koncentracijo in vzdržljivost', 'kofein, aminokisline in vitamini']"
Energijski smoothie - superživila v prahu,Dragon Superfoods,200 g,10.49 €,,,"['konopljini proteini + maca', 'okus in aroma kakava', 'vegansko']"
Tavrin 500 mg,Raab Vitalfood,100 kapsul,11.99 €,,,"['pogojno esencialna aminokislina', 'za športnike', '500 mg v eni kapsuli']"
V-Protein Classic veganski proteini – lešnik,ProFuel,1000 g,29.99 €,,,"['izolat grahovih proteinov', 'visoka vsebnost beljakovin', 'brez sladkorjev, laktoze']"
V-Protein 4K veganski proteini – lešnik,ProFuel,750 g,22.49 €,,,"['mešanica 4 rastlinskih proteinov', 'visoka vsebnost beljakovin', 'brez\xa0laktoze']"
Veganski Alpha EAA – kivi in jagoda,ProFuel,462 g,33.49 €,,,"['za po, med in pred vadbo', 's sladilom sukraloza', '8 esencialnih aminokislin']"
iBar proteinska ploščica – kokos,Genius Nutrition,60 g,1.49 €,,,"['visoka vsebnost beljakovin', 'okusen in hranilen prigrizek', 's sladilom steviol glikozid']"
BCAA 2:1:1,AllNutrition,180 kapsul,12.99 €,,,"['za pred in po treningom', 'levcin, valin in izolevcin', 'visok odmerek BCAA']"
Energijski gel – pomaranča,ActivLab,18 x 40 g,27.99 €,,,"['hiter in učinkovit vir energije', 'z vitaminom C', 'enostavna uporaba']"
3x L-histidin HCL 500 mg,OnEnergy,skupaj 360 kapsul,35.99 €,44.97 €,-20%,"['optimalni dnevni odmerek', 'aminokislina za aktivne', 'super izkoristek']"
Vegain Pro veganski protein mix – čokolada in lešnik,ProFuel,2200 g,38.99 €,,,"['kompleksni ogljikovi hidrati', 'grahovi proteini', 'po vadbi']"
ZMA Sport – cink + magnezij + vitamin B6,Genius Nutrition,90 kapsul,17.99 €,,,"['podpora za fizično aktivne', 'za delovanje mišic', 'hitra absorpcija']"
Muskelfit zeliščni gel,Sanct Bernhard,150 ml,14.99 €,16.99 €,-12%,"['za sproščujočo masažo', 'naraven zeliščni vonj', 'takojšnji učinek']"
Red Shock napitek s kofeinom,AllNutrition,80 ml,1.49 €,,,"['tavrin, beta-alanin in L-citrulin malat', 'za pred vadbo', 'enostavna uporaba']"
WARCRY® SHOT – napitek s kofeinom in L-teaninom,Genius Nutrition,100 ml,1.99 €,,,"['z dodanimi aminokislinami', 'za pred vadbo', 'ustvarjeno za športnike']"
iBar proteinska ploščica – jagoda,Genius Nutrition,60 g,1.99 €,,,"['visoka vsebnost beljakovin', 's sladili', 'okusen in hranilen prigrizek']"
3x Črna maca kompleks,Erefit®,skupaj 600 kapsul,35.99 €,59.97 €,-40%,"['z aminokislinami in vitamini', 'podpora spolnosti in plodnosti', 'edinstvena formula']"
L-lizin + cink,Raab Vitalfood,100 kapsul,16.99 €,,,"['aminokislina + mineral', 'ohranjanje\xa0zdrave kože', 'delitev celic']"
Pro+ izotonični napitek – grenivka,AllNutrition,720 g,20.99 €,,,"['odličen sadni okus', 'izotonični energijski napitek', 'z vitaminsko-mineralnim kompleksom']"
3x Navadna zobačica,ALIVER Nutraceutics,skupaj 360 kapsul,67.49 €,73.47 €,-8%,"['podpora spolnosti', 'krepitev spolne želje', 'veliko pakiranje']"
"BCAA 8:1:1, okus češnje",AllNutrition,400 g,21.99 €,23.49 €,-6%,"['odlična biorazpoložljivost', 'levcin, valin in izolevcin', 'zadostuje za 100 napitkov']"
Energijski gel – limona,ActivLab,18 x 40 g,27.99 €,,,"['hiter in učinkovit vir energije', 'z vitaminom C', 'enostavna uporaba']"
Elite – Pre-Workout napitek,QNT,80 ml,1.99 €,2.49 €,-20%,"['primerno za športnike', 'odlična absorpcija', 'okus češnja-grozdje']"
3x Whey proteini iz sirotke – bela čokolada,OnEnergy,skupaj 3000 g,83.99 €,98.97 €,-15%,"['osnovni gradniki mišic', 'samo 113 kcal na porcijo', 'visoka vsebnost beljakovin']"
Stimulan olje za lokalno masažo,Dr. Popov,50 ml,11.49 €,,,"['\u200bvrhunska kakovost', 'masaža', 'hitra absorpcija']"
"Opornica za zapestje, velikost S",WUNDmed,1 kos,5.49 €,,,"['medicinski pripomoček', 'zagotavlja podporo zapestju', 'pralna']"
L-histidin HCL 500 mg,OnEnergy,120 kapsul,12.99 €,14.99 €,-13%,"['optimalni dnevni odmerek', 'aminokislina za aktivne', 'super izkoristek']"
Magnezij 400 SUPRA,Sanct Bernhard,300 kapsul,21.99 €,,,"['400 mg magnezija v vsaki kapsuli', 'podpora mišic in kosti', 'za manj utrujenosti']"
Navadna zobačica,AllNutrition,100 kapsul,13.49 €,,,"['60 % saponinov', 'za moške nad 18 let', 'raven testosterona']"
3x Magnezijev kelat 375 mg,HealthyWorld®,skupaj 360 kapsul,32.99 €,44.97 €,-27%,"['za mišice + živčni sistem', 'zmanjševanje utrujenosti in izčrpanosti', '375 mg magnezija v 3 kapsulah']"
Izotonični napitek z okusom pomaranče,AllNutrition,700 g,10.99 €,,,"['s sladilom', 'vnos elektrolitov', 'napitek za več energije']"
Magnezij kompleks,Mindful Matter,90 kapsul,20.99 €,,,"['3 oblike magnezija', 's cinkom in vitaminom B6', 'za več energije in delovanje mišic']"
"Opornica za zapestje, velikost M",WUNDmed,1 kos,5.49 €,,,"['medicinski pripomoček', 'zagotavlja podporo zapestju', 'pralna']"
3x Magnezij kompleks,HealthyWorld®,skupaj 540 kapsul,53.99 €,68.97 €,-22%,"['veliko pakiranje', '5 oblik magnezija', 'za energijo in delovanje mišic']"
3x Energy – Gumiji za dvig energije,HealthyWorld®,skupaj 270 gumi bonbonov,23.99 €,38.97 €,-38%,"['več energije, manj utrujenosti', 's kofeinom in tavrinom', 'okus češnje']"
"Proteinski Mix BIO, okus kakava",Dragon Superfoods,200 g,7.99 €,,,"['45 %\xa0rastlinskih beljakovin', 'super kombinacija', 'kakav visoke kakaovosti']"
BIO Črna maca,FutuNatura,240 kapsul,14.99 €,18.99 €,-21%,"['plodnost', 'podpora spolnosti', 'optimalna vzdržljivost']"
BCAA 2:1:1 – limona-limeta,OnEnergy,500 g,19.99 €,24.99 €,-20%,"['prah za pripravo napitka', 'za pred in po vadbi', 'levcin +\xa0izolevcin + valin']"
Višnja Montmorency 3000 mg,WeightWorld,180 kapsul,21.99 €,24.49 €,-10%,"['primerno za vegane', '6000 mg v 2 kapsulah', 'izvleček v razmerju 50:1 ustreza 6000 mg višnje v prahu']"
ZMA – magnezij + cink + vitamin B6,WeightWorld,180 kapsul,23.99 €,,,"['veliko pakiranje', 'za športno aktivne', 'delovanje mišic']"
L-fenilalanin 1500 mg,OnEnergy,180 kapsul,12.99 €,14.99 €,-13%,"['1500 mg v 3 kapsulah', 'gradnik beljakovin', 'esencialna aminokislina']"
3x NAC 500 mg,HealthyWorld®,skupaj 540 kapsul,56.99 €,74.97 €,-24%,"['N-acetil cistein', 'predstopnja glutationa', 'učinkovita absorpcija']"
Magnezijev bisglicinat,Zechsal,200 g,34.49 €,,,"['podpora mišicam', 'manj utrujenosti', 'v obliki praška']"
3x MCT C8:C10 Kokosovo Premium olje,OnEnergy,skupaj 1500 ml,38.99 €,59.97 €,-35%,"['brez dodanih konzervansov', '60 % kaprilne in 39 % kaprinske kisline', 'za nego, kuhanje in samostojno uporabo']"
Športni komplet prve pomoči,WUNDmed,43-delni,26.99 €,29.99 €,-10%,"['priročna torbica', 'za športnike, trenerje, inštruktorje', 'vse za oskrbo manjših ran, poškodb']"
Magnezij + vitamini,AllNutrition,20 šumečih tablet,3.99 €,,,"['za učinkovit napitek', 'okus: limona', 'podpora mišicam']"
Magnezijeva športna kopel z MSM,Zechsal,1.1 kg,19.99 €,,,"['za sproščujočo kopel', 'razvito za športnike', 'hitra absorpcija']"
Vitaminall SPORT,AllNutrition,60 kapsul,14.49 €,,,"['visoka vsebnost bioflavonoidov', 'dodana ginseng in Q10', '19 vitaminov in\xa0mineralov']"
WHEY proteini iz sirotke – jagoda in banana,AllNutrition,908 g,34.99 €,,,"['za mišice', 'visoka vsebnost beljakovin', 'za okusen proteinski shake']"
3x BIO Črna maca,FutuNatura,skupaj 720 kapsul,41.99 €,56.97 €,-26%,"['za telesno in duševno zmogljivost', 'podpora spolnosti', 'optimalna vzdržljivost']"
L-fenilalanin 1000 mg,Vita World,120 tablet,19.99 €,,,"['v naravni L obliki', 'aminokislina', 'gradnik beljakovin']"
3x Magnezij + Kalcijev L-Treonat,OnEnergy,skupaj 540 kapsul,47.99 €,68.97 €,-30%,"['2 obliki magnezija', 'živčevje + mišice + kosti', 'zmanjševanje utrujenosti']"
"Protein shake BIO, okus jagoda + kokos",Dragon Superfoods,450 g,21.49 €,,,"['s sladilom eritritol', '50 % rastlinskih beljakovin', 'brez umetnih arom']"
Magnezijev klorid - kristali za kopel za noge,Zechsal,750 g,12.99 €,,,"['sprostitev in poživitev', 'za različne kopeli', 'zlahka se raztopi']"
Kreatin monohidrat,QNT,300 g,19.99 €,,,"['telesna zmogljivost', 'super za intenzivne vadbe', 'enostavna priprava']"
3x BCAA 2:1:1 – gozdni sadeži,OnEnergy,skupaj 1500 g,53.99 €,74.97 €,-28%,"['prah za pripravo napitka', 'za pred in po vadbi', 'levcin +\xa0izolevcin + valin']"
WHEY XXL proteini iz sirotke – jagoda in banana,AllNutrition,2270 g,69.99 €,,,"['za mišice', 'visoka vsebnost beljakovin', 'za okusen proteinski shake']"
CLA Extra,NewFood,60 kapsul,6.99 €,10.99 €,-36%,"['naravna formula', 'konjugirana linolna kislina iz olja semen žafranike', 'znižano zaradi roka uporabe']"
3x Črni ingver – izvleček,HealthyWorld®,skupaj 360 kapsul,53.99 €,68.97 €,-22%,"['Kaempferia parviflora', '100 mg ingverja v 1 kapsuli', 'priljubljen med športniki, pari ...']"
Sinefrin 30 mg,Genius Nutrition,60 tablet,12.99 €,,,"['naravni alkaloid', 'iz plodov grenke pomaranče', 'brez glutena in laktoze']"
Veganski Alpha EAA – vzorci vseh okusov,ProFuel,10 vrečk,18.99 €,,,"['za pred, med in po treningu', 'vzorci vseh okusov', '8 esencialnih aminokislin']"
3x Zeleni čaj 600 mg – izvleček,OnEnergy,skupaj 360 kapsul,41.99 €,59.97 €,-30%,"['600 mg v 2 kapsulah', 'z izvlečkom zelene kave', 'vsebuje kofein']"
Veganski BCAA 2:1:1,ProFuel,300 kapsul,27.99 €,,,"['esencialne aminokisline', 'L-levcin + L-izolevcin + L-valin', 'za fizično aktivne']"
Kick – Pre-Workout napitek,QNT,250 ml,1.99 €,,,"['za koncentracijo in vzdržljivost', 'primerno za športnike', 'okus limona-limeta']"
Masažno olje za ogrevanje pred vadbo,Sanct Bernhard,100 ml,7.99 €,,,"['kakovostni\xa0rastlinski izvlečki', 'spodbuja pretok krvi', 'blaži bolečine in napetosti v mišicah']"
Rožni koren,Zein Pharma,90 kapsul,34.49 €,,,"['300 mg izvlečka na kapsulo', 'Rhodiola rosea', 'podpora živčnega sistema']"
"Kineziološki trak - rumen, 5cm x 5m",WUNDmed,1 kos,7.49 €,,,"['vrhunska kvaliteta', 'koži prijazen', 'za športnike']"
Izotonični napitek – limeta,Raab Vitalfood,600 g,18.99 €,,,"['prah za pripravo napitka', 'vitamin C, minerali, elektorliti', 'hidracija, mišice, vzdržljivost']"
3x HMB 2150 mg – prah za pripravo napitka,OnEnergy,skupaj 600 g,56.99 €,74.97 €,-24%,"['za športnike', 'z vitaminom B6', 'nevtralnega okusa']"
Kofein,Genius Nutrition,90 tablet,9.99 €,10.99 €,-9%,"['učinkovita absorpcija', 'visok dnevni odmerek', 'za fizično aktivne']"
Masažno olje za mišice,Sanct Bernhard,250 ml,20.99 €,,,"['vsebuje naravna olja', 'pomirjujoč učinek', 'nega utrujene kože']"
Whey proteini - iz sirotke,Intenson,600 g,25.99 €,,,"['vanilijeva krema', 'odlična absorpcija', 's sladilom sukraloza']"
Kolagen hidrolizat,Intenson,60 g,7.99 €,,,"['za\xa0starejše ljudi', '100 % naravno', 'za fizično aktivne']"
Kompleks aminokislin,QNT,200 tablet,22.99 €,27.99 €,-18%,"['18 aminokislin', 'za športnike in fizično aktivne', 'idealno razmerje esencialnih aminokislin']"
3x Tavrin 1000 mg,OnEnergy,skupaj 540 kapsul,35.99 €,56.97 €,-37%,"['esencialna aminokislina', '1000 mg v 2 kapsulah', 'za pred in po vadbi']"
Pro+ izotonični napitek – limona,AllNutrition,720 g,20.99 €,,,"['odličen sadni okus', 'izotonični energijski napitek', 'z vitaminsko-mineralnim kompleksom']"
CLA Forte,AllNutrition,90 kapsul,14.49 €,,,"['konjugirana linolna kislina', 'Omega-6', '1000 mg CLA na 1 kapsulo']"
3x L-tavrin 1000 mg,HealthyWorld®,skupaj 540 kapsul,35.99 €,44.97 €,-20%,"['aktivna oblika\xa0tavrina', 'pogojno esencialna aminokislina', '1000 mg v 2 kapsulah']"
Tirozin,AllNutrition,120 kapsul,17.99 €,,,"['z dodanim tavrinom', 'za športnike', 'optimalni odmerek']"
3x BIO Guarana v prahu,FutuNatura,skupaj 750 g,68.99 €,89.97 €,-23%,"['Paullinia cupana', 'iz semen guarane', 'brez aditivov']"
Beta-alanin v prahu,AllNutrition,250 g,8.99 €,10.99 €,-18%,"['s tavrinom in vitaminom B6', 'za napitek', 'za pripravo 250 napitkov']"
3x L-glutamin 4500 mg MEGA CAPS,OnEnergy,skupaj 1200 kapsul,53.99 €,80.97 €,-33%,"['4500 mg v 6 kapsulah', 'aminokislina', 'za aktivne, športnike, fitneserje']"
Glukozamin + hondroitin,Vita World,100 kapsul,23.49 €,,,"['pakiranje zadostuje za 50 dni', 'vezivno tkivo in hrustanec', 'dobra absorpcija']"
Veganski Alpha EAA – kola,ProFuel,462 g,33.49 €,,,"['pred, med in po vadbi', 's sladilom sukraloza', '8 esencialnih aminokislin']"
Veganski Alphaminos BCAA 2:1:1 – rdeča pomaranča,ProFuel,300 g,25.99 €,,,"['za več energije', 's sladilom sukraloza', 'kompleks 3 aminokislin']"
3x Magnezij 165 mg,HealthyWorld®,skupaj 270 gumi bonbonov,38.99 €,59.97 €,-35%,"['za mišice + živčni sistem', '2 obliki magnezija', 'okus citrusov']"
3x HGH Night - Natural HGH Booster,OnEnergy,skupaj 180 kapsul,26.99 €,44.97 €,-40%,"['ustvarjeno za športnike', 'GABA + arginin + lizin', 'super izkoristek']"
FIT Protein shake za ženske,AllNutrition,500 g,21.99 €,,,"['sirotkine beljakovine', 'okus vanilije', 's Q10 in vitamini']"
Masažna tekočina – planinski bor z arniko,WUNDmed,500 ml,8.99 €,,,"['za sproščujočo masažo', 'pri športu, v prostem času ali na potovanju', 'osvežilen zeliščni vonj']"
L-tirozin,OnEnergy,500 g,17.99 €,19.99 €,-10%,"['aminokislina v prahu', 'nevtralnega okusa', 'visoka koncentracija']"
Konjski balzam - hladilni,Virde,200 ml,7.99 €,,,"['za masažo', 'za nego', 'občutek hlajenja']"
Gabezov gel,Virde,200 ml,5.49 €,,,"['nega kože', 'visoka kvaliteta', 'iz izvlečka gabeza']"
Glicin 500 mg,Zein Pharma,120 kapsul,24.49 €,25.49 €,-4%,"['v 100 % bioaktivni L-obliki', 'aminokislina', 'podpora telesu']"
Beta-alanin v prahu,FutuNatura,500 g,9.99 €,14.99 €,-33%,"['aminokislina v prahu', 'za pripravo napitka', 'nevtralnega okusa']"
"EAA v prahu – malina, češnja, jagoda",OnEnergy,500 g,24.99 €,29.99 €,-17%,"['7 esencialnih aminokislin', 'prah za pripravo napitka', 's priloženo merilno žličko']"
Acetil-L-karnitin 1000 mg,Vita World,120 kapsul,40.99 €,,,"['visoka vsebnost', 'odlična absorpcija', 'visok odmerek']"
3x Liposomski luteolin 500 mg,OnEnergy,skupaj 180 kapsul,41.99 €,59.97 €,-30%,"['naravni rastlinski flavonoid', '500 mg\xa0luteolina v dnevnem odmerku', 'izboljšana biorazpoložljivost']"
L-lizin,Nature Love,180 kapsul,15.99 €,,,"['hidrokloridna oblika', 'esencialna aminokislina', 'hitra absorpcija']"
Magnezijev klorid - kristali,Zechsal,750 g,10.99 €,,,"['sprostitev in poživitev', 'za različne kopeli', 'zlahka se raztopi']"
Guarana,Sanct Bernhard,250 tablet,18.99 €,,,"['z vitaminom C in magnezijem', 'brez obremenjevanja želodca', 'blag in dolgotrajen učinek']"
Vražji (hudičev) krempelj balzam,Sanct Bernhard,150 ml,12.49 €,14.49 €,-14%,"['blagodejni učinki', 'nega kože', 'hitro učinkovanje']"
3x Shilajit Mumie Extract 10:1,HealthyWorld®,skupaj 360 kapsul,68.99 €,89.97 €,-23%,"['dragocena ajurvedska smola', 'Asphaltum punjabianum', 'fulvična kislina']"
3x Ašvaganda KSM-66®,OnEnergy,skupaj 540 kapsul,41.99 €,59.97 €,-30%,"['Withania somnifera', 'podpora telesni in duševni zmogljivosti', 'patentiran izvleček KSM-66®']"
WHEY proteini iz sirotke – čokoladni piškoti,AllNutrition,908 g,24.99 €,34.99 €,-29%,"['za mišice - visoka vsebnost beljakovin', 'za okusen proteinski shake', 'znižano zaradi roka uporabe']"
3x L-karnozin 1000 mg,HealthyWorld®,skupaj 360 kapsul,68.99 €,89.97 €,-23%,"['1000 mg v 2 kapsulah', 'visoka biorazpoložljivost', 'za športnike, starejše ...']"
HYDRO Energijski gel s kofeinom – kola,Vitaldin Sport,24 x 55 ml,28.99 €,,,"['hiter vir energije', 'z vitaminom B6', 'enostavno uživanje brez vode']"
3x BIO Črna maca v prahu,FutuNatura,skupaj 1500 g,49.49 €,65.97 €,-25%,"['naravna spolnost', 'optimalna vzdržljivost', 'vitalnost']"
L-treonin 500 mg,Vita World,120 kapsul,27.49 €,,,"['aktivna oblika', 'aminokislina', 'optimalna vsebnost']"
3x Pre-Workout – prah za pripravo napitka,OnEnergy,skupaj 930 g,53.99 €,74.97 €,-28%,"['ustvarjeno za športnike', 'za koncentracijo in vzdržljivost', 'kofein, aminokisline in vitamini']"
iTest – kompleks za moške,Genius Nutrition,90 kapsul,19.99 €,,,"['formula za moško moč', 'z ašvagando, maco in damiano', 'podpora testosteronu']"
Tavrin,Zein Pharma,120 kapsul,19.49 €,,,"['visoka vsebnost', '2-aminoetanesulfonska kislina', 'aminokislina']"
Kalijev citrat,Bioherba,100 kapsul,13.99 €,,,"['628 mg kalija v 4 kapsulah', 'za mišice in živčevje', 'vzdrževanje krvnega tlaka']"
3x Red Panax Ginseng – izvleček rdečega ginsenga 1200 mg,OnEnergy,skupaj 360 kapsul,41.99 €,74.97 €,-44%,"['1200 mg na 2 kapsuli', 'za vitalnost in energijo', 'podpira kognitivne funkcije']"
L-karnitin 400 mg,Sanct Bernhard,200 kapsul,23.49 €,,,"['aktivna oblika', 'visoka vsebnost', '400 mg na 1 kapsulo']"
Konopljin balzam – topli,Virde,200 ml,6.99 €,,,"['grelni učinek', 'naravna podpora koži', 'konopljin izvleček']"
Zelena kava,AllNutrition,90 kapsul,16.49 €,18.99 €,-13%,"['Coffea arabica', 'visok delež klorogenske kisline', '500 mg izvlečka na 1 kapsulo']"
HMB 1000 mg,QNT,120 kapsul,16.99 €,20.99 €,-19%,"['beta-hidroksi beta-metilbutirat', 'za športnike', 'podpora ob\xa0telesnih naporih']"
Izolat sirotkinih beljakovin - bela čokolada,AllNutrition,908 g,46.99 €,,,"['25,5 g beljakovin na 1 porcijo', 'visoka vsebnost beljakovin', 'za okusen proteinski shake']"
Veganski L-karnitin,ProFuel,150 kapsul,16.99 €,,,"['za fizično aktivne', 'Carnipure® patentirana oblika', 'za pred vadbo']"
Magnezijev gel z aloe vero in MSM,Heiltropfen,200 ml,14.99 €,,,"['za topično uporabo', 'Intenzivno delovanje', '99 % naravna sestava']"
Chilli Active,Virde,90 tablet,21.99 €,,,"['z rastlinskimi izvlečki', 'uravnavanje telesne teže', 'z rastlinskimi izvlečki']"
Burn4all Extreme,AllNutrition,120 kapsul,18.99 €,,,"['5 rastlinskih izvlečkov', 'naravno in učinkovito', 's kofeinom in zelenim čajem']"
3x Kofein 200 mg,OnEnergy,skupaj 1095 tablet,26.99 €,38.97 €,-31%,"['visok odmerek', 'za fizično aktivne – pred vadbo', 'enostavno odmerjanje']"
3x Beta-alanin 4000 mg,OnEnergy,skupaj 180 kapsul,16.79 €,23.97 €,-30%,"['aminokislina za športnike', 'visoka vsebnost', '4000 mg na 5 kapsul']"
"Citrulin malat, okus kola-limona",AllNutrition,200 g,17.99 €,,,"['vrhunska kombinacija', 'za pred vadbo', 'za športnike']"
Magnezij DIRECT 400 mg,FutuNatura,30 vrečk,5.99 €,6.99 €,-14%,"['400 mg magnezija na vrečko', 'za mišice\xa0in živčni sistem', 'z aromo pomaranče']"
Magnezijev bisglicinat 300 mg,OnEnergy,180 kapsul,14.99 €,19.99 €,-25%,"['manj utrujenosti + mišice + živčevje', 'visoka biološka razpoložljivost', '300 mg magnezija v 3 kapsulah']"
Magnezijev glicinat 250 mg,HealthyWorld®,180 kapsul,18.99 €,21.99 €,-14%,"['za živčevje in mišice', '250 mg magnezija v 2 kapsulah', 'za energijo in delovanje mišic']"
Črna maca kompleks 5000 mg,HealthyWorld®,180 kapsul,14.99 €,19.99 €,-25%,"['rastlinski izvleček', '5000 mg v 1 kapsuli', 'podpora spolnosti']"
Elektroliti – šumeče tablete,FutuNatura,20 šumečih tablet,1.99 €,2.49 €,-20%,"['hitra absorbcija', 'z okusom črnega ribeza', 'hidracija telesa']"
Elektroliti – prah za pripravo napitka,FutuNatura,20 vrečk,7.99 €,9.99 €,-20%,"['5 mineralov\xa0+ B6', 'podpora hidracije', 'okus limone in limete']"
Night FatBurn,OnEnergy,120 kapsul,14.99 €,19.99 €,-25%,"['nadzor telesne teže', 'zmanjšanje apetita', 'Garcinia cambogia']"
Liposomski NAD+ 500 mg – s trimetilglicinom,OnEnergy,60 kapsul,22.99 €,24.99 €,-8%,"['nikotinamid adenin dinukleotid', 'vsestranski koencim', 'boljši izkoristek']"
Magnezij kompleks,HealthyWorld®,180 kapsul,19.99 €,22.99 €,-13%,"['proti utrujenosti', '5 oblik magnezija', 'za energijo in delovanje mišic']"
Magnezij DIRECT 400 mg,OnEnergy,30 vrečk,5.99 €,6.99 €,-14%,"['za mišice in živčni sistem', 'z okusom pomaranče', '400 mg magnezija na vrečko']"
3x Elektroliti – šumeče tablete,FutuNatura,skupaj 60 šumečih tablet,5.39 €,7.47 €,-28%,"['hitra absorbcija', 'z okusom črnega ribeza', 'hidracija telesa']"
Magnezij DIRECT 400 mg,HealthyWorld®,30 vrečk,5.99 €,6.99 €,-14%,"['za mišice + živčni sistem', 'uživanje brez tekočine', 'okus pomaranče']"
Elektroliti v prahu – limeta,OnEnergy,500 g,12.99 €,16.99 €,-24%,"['Cl + Na + K + Ca + P + Mg', 'enostavna priprava', 'super za hidracijo']"
Shilajit Mumie 600 mg – smola,HealthyWorld®,30 g,19.99 €,24.99 €,-20%,"['ajurvedska smola', '600 mg na odmerek', '50 % fulvične kisline']"
3x Elektroliti – šumeče tablete,HealthyWorld®,skupaj 60 šumečih tablet,5.39 €,7.47 €,-28%,"['z okusom črnega ribeza', 'podpora hidracije', 'hitra in enostavna priprava']"
Elektroliti – šumeče tablete,HealthyWorld®,20 šumečih tablet,1.99 €,2.49 €,-20%,"['z okusom črnega ribeza', 'podpora hidracije', 'hitra in enostavna priprava']"
NAC 500 mg,HealthyWorld®,180 kapsul,19.99 €,24.99 €,-20%,"['N-acetil cistein', 'predstopnja glutationa', 'učinkovita absorpcija']"
Quick FatBurn,OnEnergy,120 kapsul,14.99 €,19.99 €,-25%,"['uravnavanje telesne teže', 'presnova maščobnih kislin', '6 aktivnih sestavin']"
Ašvaganda KSM-66®,OnEnergy,180 kapsul,14.99 €,19.99 €,-25%,"['Withania somnifera', 'podpora telesni in duševni zmogljivosti', 'patentiran izvleček KSM-66®']"
Magnezij – šumeče tablete,FutuNatura,20 šumečih tablet,1.99 €,2.49 €,-20%,"['okus limone', '250 mg v dnevnem odmerku', 'za energijo, mišice, kosti']"
Shilajit Mumie Extract 10:1,HealthyWorld®,120 kapsul,24.99 €,29.99 €,-17%,"['dragocena ajurvedska smola', 'Asphaltum punjabianum', 'fulvična kislina']"
100 % kreatin monohidrat v prahu,OnEnergy,500 g,19.99 €,24.99 €,-20%,"['mikronizirana oblika', 'telesna zmogljivost', 'odlična topnost v vodi']"
"Glukozamin, hondroitin, MSM in hialuronska kislina",Purely Nutrition,120 kapsul,19.99 €,24.99 €,-20%,"['sklepi, vezivno tkivo in hrustanec', 'optimalno razmerje med sestavinami', 'za starejše in športnike']"
Testosterole Extreme,FutuNatura,30 kapsul,5.99 €,7.99 €,-25%,"['vsebuje sojine fitosterole', 'z rastlinskimi izvlečki', 'za vzdržljivost in moč']"
Elektroliti – prah za pripravo napitka,HealthyWorld®,20 vrečk,7.99 €,9.99 €,-20%,"['podpora hidracije', 'z dodanim cinkom + B6', 'okus limone in limete']"
L-teanin z meliso,WeightWorld,180 kapsul,14.49 €,,,"['izvleček melise 5:1', 'aminokislina', 'iz zelenega čaja']"
Veganski kreatin + beta-alanin,ProFuel,300 g,27.99 €,,,"['Creapure® kreatin monohidrat', 'aminokislina', 'pred ali po vadbi']"
"Veganski grahovi proteini – vanilija, črni ribez",AllNutrition,500 g,14.99 €,19.99 €,-25%,"['za mišice', 'brez dodanega sladkorja', 'za proteinski shake ali puding']"
Namaz z belo čokolado & malino,AllNutrition,500 g,12.49 €,,,"['brez dodanega sladkorja', 's koščki mandljev in naribanim kokosom', 'brez palmovega olja']"
VeePro veganska proteinska ploščica – piškot,ProFuel,1 ploščica,2.69 €,,,"['brez glutena', 'kremast okus piškota', 's sladilom stevia glikozid']"
L-arginin + L-ornitin + L-lizin,Vita World,60 kapsul,17.49 €,,,"['ob intenzivnih treningih', '3 aminokisline', 'vitamin C + cink']"
Hladilni sprej,WUNDmed,150 ml,8.49 €,,,"['medicinski pripomoček', 'primerno za športnike', 'hitro delovanje']"
Arthrocann gel - za masažo,Annabis,75 ml,21.99 €,,,"['\u200bza športnike in starejše', 'sklepi in hrbet', 'konopljin gel']"
L-ornitin HCL 500 mg,OnEnergy,120 kapsul,12.99 €,14.99 €,-13%,"['aminokislina', 'za športnike', '500 mg na\xa0 kapsulo']"
Electrovit shot – napitek z elektroliti,ActivLab,80 ml,1.59 €,,,"['podpora hidraciji', 'magnezij, kalij, kalcij, klorid', 'okus jagode']"
L-Teanin FORTE 500 mg,Zein Pharma,90 kapsul,26.49 €,27.49 €,-4%,"['močnejši odmerek', 'naravna podpora', 'izvleček zelenega čaja']"
Kreatin 3000 mg,WeightWorld,90 gumi bonbonov,28.99 €,,,"['z okusom limone', '3000 mg v 3 gumi bonbonih', 'za telesno vzdržljivost']"
L-glutamin + vitamin C,Raab Vitalfood,100 kapsul,11.99 €,,,"['veganska kombinacija', 'več energije', 'manj utrujenosti']"
BIO Mandljevi proteini,Dragon Superfoods,200 g,12.99 €,,,"['dodatek napitkom in jedem', 'visoka vsebnost beljakovin', 'blag oreščkast okus']"
Magnezijev bisglicinat,Mindful Matter,90 kapsul,15.99 €,,,"['delovanje mišic in živčevja', 'proti utrujenosti', 'super absorpcija']"
Magnezij 400 mg,Sanct Bernhard,60 vrečk,14.49 €,16.49 €,-12%,"['za več energije', 'podpora mišicam', 'zaužitje brez tekočine']"
Proteinski Super Mix BIO,Dragon Superfoods,500 g,21.49 €,,,"['70 % rastlinskih beljakovin', 'brez glutena', 'brez dodanega sladkorja']"
L-Tirozin 500 mg,Zein Pharma,120 kapsul,17.49 €,,,"['visoka biološka vrednost', 'aminokislina', 'optimalni odmerek']"
Veganski L-citrulin malat 2:1,ProFuel,500 g,27.99 €,,,"['aminokislina', 'za športnike', 'hitra priprava']"
BIO Riževi proteini,Smart Organic,200 g,6.99 €,,,"['visoka vsebnost beljakovin', 'vir vseh esencialnih aminokislin', 'iz ekološke pridelave']"
3x Kreatin monohidrat 3000 mg,OnEnergy,skupaj 720 kapsul,41.99 €,59.97 €,-30%,"['za fizično aktivne', '3000 mg v 4 kapsulah', 'telesna zmogljivost']"
Konjski balzam - topli,Virde,200 ml,6.99 €,,,"['toplotni učinek', 'prekrvavitev', 'za masažo']"
MCT olje v prahu,Activevital,800 g,34.99 €,,,"['odličen vir energije', 'enostavna uporaba', 'tudi za uporabo v receptih']"
3x Kompleks aminokislin,HealthyWorld®,skupaj 540 tablet,53.99 €,74.97 €,-28%,"['12\xa0aminokislin', 'izgradnja beljakovin', 'optimalni odmerek']"
L-tavrin 1000 mg,WeightWorld,180 kapsul,14.49 €,,,"['aktivna L oblika', 'pogojno esencialna aminokislina', '1000 mg v 2 kapsulah']"
Indijska kopriva – Forskolin 1000 mg,WeightWorld,60 kapsul,19.49 €,19.99 €,-3%,"['izvleček 35:1', 'Coleus forskohlii', '1000 mg v 2 kapsulah']"
iCarnitine – L-karnitin kompleks,Genius Nutrition,90 kapsul,21.99 €,,,"['edinstvena in učinkovita formula', 'z dodanimi vitamini C, B6 in B12', 'L-karnitin + zeleni čaj + malinovi ketoni']"
Veganski MSM + mangan + glukozamin,ProFuel,120 kapsul,33.49 €,,,"['z dodanimi rastlinskimi izvlečki', 'za kosti in sklepe', 'z rastlinskimi izvlečki']"
L-arginin,Nature Love,180 kapsul,20.99 €,,,"['bazični L-arginin', 'naravno pridobljeno', 'aminokislina']"
Liposomski Magnezij+,Ekolife Natura,200 ml,34.99 €,36.99 €,-5%,"['\u200bsuper\xa0biološka razpoložljivost', 'z dodanimi minerali', 's tavrinom']"
HYDRO Energijski gel z elektroliti – limeta,Vitaldin Sport,24 x 55 ml,28.99 €,,,"['hiter vir energije', 'z minerali in \xa0vitaminom B6', 'enostavno uživanje brez vode']"
Magnezij v kapljicah,Zechsal,100 ml,29.99 €,,,"['primeren tudi za otroke', 'energija, mišice in živčni sistem', 'večje pakiranje']"
"Flex podpora sklepom, okus pomaranča",AllNutrition,400 g,25.49 €,,,"['hidroliziran kolagen', '7 aktivnih učinkovin', 'zadostuje za 20 napitkov']"
"Grahovi proteini, okus vanilije",Intenson,600 g,17.99 €,,,"['za 20 porcij', 'lahko prebavljivi', 's sladilom']"
Energijski gel brez kofeina – jagoda & banana,Vitaldin Sport,24 x 40 g,23.99 €,,,"['25 g OH na 1 vrečko', 'za hitro in dolgotrajno\xa0energijo', 'z vitaminom B6']"
Veganski kalcij + magnezij,ProFuel,180 kapsul,16.99 €,,,"['odlična kombinacija', 'za mišice in kosti', 'visoki odmerki']"
Proteini v prahu - izvleček,Sanct Bernhard,350 g,24.99 €,,,"['vir beljakovin', 'visoka biološka vrednost', 'nevtralen okus']"
Beta-alanin v prahu,OnEnergy,500 g,14.99 €,19.99 €,-25%,"['za pripravo napitka', 'nevtralnega okusa', 'visoka koncentracija']"
3x Krom Active,FutuNatura,skupaj 90 kapsul,23.99 €,26.97 €,-11%,"['veliko pakiranje', 'normalni krvni sladkor', 'pri utrujenosti in izčrpanosti']"
L-karnitin 500 mg,QNT,60 kapsul,11.99 €,22.99 €,-48%,"['super izbira za športnike', '500 mg L-karnitina v 1 kapsuli', 'odlična absorpcija']"
3x Liposomski NAD+ 500 mg – s trimetilglicinom,OnEnergy,skupaj 180 kapsul,65.99 €,74.97 €,-12%,"['nikotinamid adenin dinukleotid', 'vsestranski koencim', 'boljši izkoristek']"
Zeleni čaj 600 mg – izvleček,OnEnergy,120 kapsul,14.99 €,19.99 €,-25%,"['600 mg v 2 kapsulah', 'z izvlečkom zelene kave', 'vsebuje kofein']"
Whey proteini iz sirotke – vanilja,OnEnergy,1000 g,28.99 €,32.99 €,-12%,"['osnovni gradniki mišic', 'samo 114 kcal na porcijo', 'visoka vsebnost beljakovin']"
HGH Night – Natural HGH Booster,OnEnergy,60 kapsul,9.99 €,14.99 €,-33%,"['ustvarjeno za športnike', 'GABA + arginin + lizin', 'super izkoristek']"
3x Magnezijev bisglicinat 300 mg,OnEnergy,skupaj 540 kapsul,41.99 €,59.97 €,-30%,"['manj utrujenosti + mišice + živčevje', 'visoka biološka razpoložljivost', '300 mg magnezija v 3 kapsulah']"
Quick FatBurn,Purely Nutrition,120 kapsul,14.99 €,19.99 €,-25%,"['cink +garcinia cambogia', 'uravnavanje telesne teže', 'zaviranje apetita']"
3x Xplode – šumeče tablete,FutuNatura,skupaj 30 šumečih tablet,5.39 €,8.97 €,-40%,"['s kofeinom in tavrinom', 'več energije, psihološko delovanje, živčevje', 'z okusom tutti frutti']"
Thermo Booster – brusnica/limona,QNT,700 ml,1.99 €,,,"['s kofeinom in gvarano', 'za športnike in aktivne', '0 kcal in brez sladkorja']"
Hialuronska kislina 600 mg,WeightWorld,120 kapsul,21.99 €,24.99 €,-12%,"['optimalna molekulska masa', 'brez GMO, glutena', 'natrijev hialuronat']"
Magnezijev klorid v prahu,FutuNatura,1000 g,12.99 €,14.99 €,-13%,"['različni načini uporabe', 'dobro topen v vodi', 'MgCl2+ 6H2O']"
Kolagen Flex – prah za napitek,FutuNatura,"231,80 g",19.99 €,21.99 €,-9%,"['kolagen tipa II', 'izjemna kombinacija sestavin', 's sladilom steviol glikozidi']"
Tavrin 1000 mg,OnEnergy,180 kapsul,12.99 €,18.99 €,-32%,"['esencialna aminokislina', '1000 mg v 2 kapsulah', 'za pred in po vadbi']"
3x Elektroliti – prah za pripravo napitka,FutuNatura,skupaj 60 vrečk,20.99 €,29.97 €,-30%,"['5 mineralov\xa0+ B6', 'podpora hidracije', 'okus limone in limete']"
Magnezijev oksid 400 mg,HealthyWorld®,365 kapsul,19.99 €,24.99 €,-20%,"['za mišice in živčni sistem', 'proti utrujenosti', '400 mg na 1 kapsulo']"
BIO Črna maca v prahu,FutuNatura,500 g,18.99 €,21.99 €,-14%,"['naravna spolnost', 'optimalna vzdržljivost', 'vitalnost']"
VeePro veganska proteinska ploščica – brownie,ProFuel,1 ploščica,2.69 €,,,"['brez glutena', 'odličen okus browniejev', 's sladilom stevia glikozid']"
UC-II® kolagen,Sanct Bernhard,60 kapsul,29.99 €,,,"['biološko aktivna oblika', 'naraven\xa0kolagen tipa II', 'hrustanec']"
Magnezijev citrat  440 mg,WeightWorld,240 kapsul,20.99 €,23.49 €,-11%,"['proti utrujenosti', '440 mg magnezija v 2 kapsulah', 'za delovanje mišic in živčnega sistema']"
Magnezij + vitamin B6 – šumeče tablete,Purely Nutrition,20 šumečih tablet,1.99 €,2.49 €,-20%,"['z dodanim vitaminom B6', 'podpora mišic in živčnega sistema', 'hitra in enostavna priprava']"
Glukozamin + Mangan 500 mg,FutuNatura,90 kapsul,11.99 €,16.49 €,-27%,"['optimalni odmerek', 'za vezivno tkivo in kosti', 'glukozamin iz rastlinskega vira']"
Zeleni čaj,AllNutrition,90 kapsul,17.99 €,,,"['Camellia sinensis', '500 mg polifenolov na 1 kapsulo', 'za 3 mesece uporabe']"
Pump Pre-workout,QNT,300 g,14.99 €,27.99 €,-46%,"['kreatin + beta-alanin + AAKG', 'z okusom rdečega sadja', 'brez kofeina']"
Mazilo za sklepe,Sanct Bernhard,100 ml,10.99 €,,,"['aromatičen vonj', 'sproščujoč učinek', 'pospešuje prekrvitev kože']"
3x L-glutamin – prah za pripravo napitka,OnEnergy,skupaj 1500 g,41.99 €,59.97 €,-30%,"['aminokislina', 'za fizično aktivne', 'za po treningu']"
"Kineziološki trak - roza, 5cm x 5m",WUNDmed,1 kos,8.49 €,,,"['vrhunska kvaliteta', 'koži prijazen', 'za športnike']"
BIO Riževe beljakovine,Raab Vitalfood,400 g,17.99 €,,,"['visoka vsebnost beljakovin', 'nevtralen okus', 'primerno za vegane']"
iBURN – izgorevanje maščob,Genius Nutrition,90 kapsul,21.99 €,,,"['vsebuje brezvodni kofein', 's številnimi rastlinskimi izvlečki', 'izjemna formula za želene rezutate']"
Alfa lipoična kislina 300 mg,Zein Pharma,90 kapsul,34.49 €,,,"['primerno za športnike', 'iz naravnih virov', 'vrhunska kakovost']"
3x L-karnitin 1000 mg,OnEnergy,skupaj 540 kapsul,53.99 €,74.97 €,-28%,"['za aktivne osebe', 'visoka vsebnost', '1000 mg na 2 kapsuli']"
Glutamin,AllNutrition,250 g,13.49 €,,,"['za pripravo napitka', 'za športnike', 's tavrinom']"
Glukozamin + vitamin C,Raab Vitalfood,90 kapsul,11.99 €,,,"['glukozamin sulfat', 'nastajanje kolagena', 'kosti in hrustanec']"
Magnezijev gel za telo,Zechsal,125 ml,15.49 €,,,"['30 % magnezijevega klorida', 'izboljšuje strukturo kože', 'za nego in masažo']"
Energijski gel – limona,ActivLab,40 g,1.59 €,,,"['hiter in učinkovit vir energije', 'z vitaminom C', 'enostavna uporaba']"
Magnezijev športni gel z MSM,Zechsal,100 ml,16.49 €,,,"['vsebuje\xa0MSM', 'učinkuje takoj', 'vrhunska kvaliteta']"
Night Burner,QNT,90 kapsul,22.99 €,,,"['s holinom in kromom', 'aktivira presnovo maščob', 'podpira delovanje jeter']"
3x L-arginin + L-citrulin kompleks 3000 mg,OnEnergy,skupaj 750 kapsul,53.99 €,74.97 €,-28%,"['2 aminokislini', 'optimalno razmerje', '3000 mg v 5 kapsulah']"
V-Protein 8K veganski proteini – limonin cheesecake,ProFuel,750 g,22.49 €,,,"['mešanica 8 rastlinskih proteinov', 'visoka vsebnost beljakovin', 'brez\xa0laktoze']"
Gainer Delicious – jagoda,AllNutrition,1000 g,17.99 €,,,"['povečanje mišične mase', 'sirotkini proteini', 'pred ali po vadbi']"
"BIO murva, posušeni plodovi",Sanct Bernhard,500 g,21.99 €,,,"['bela murva', 'sladka dobrota', '100 % naravno']"
3x Quick FatBurn,Purely Nutrition,skupaj 360 kapsul,38.99 €,59.97 €,-35%,"['cink +garcinia cambogia', 'uravnavanje telesne teže', 'zaviranje apetita']"
Energijski gel – limona,ActivLab,40 g,1.59 €,,,"['hiter in učinkovit vir energije', 'z vitaminom C', 'enostavna uporaba']"
Magnezijev športni gel z MSM,Zechsal,100 ml,16.49 €,,,"['vsebuje\xa0MSM', 'učinkuje takoj', 'vrhunska kvaliteta']"
Night Burner,QNT,90 kapsul,22.99 €,,,"['s holinom in kromom', 'aktivira presnovo maščob', 'podpira delovanje jeter']"
3x Glukozamin + hondroitin 1400 mg,OnEnergy,skupaj 1080 kapsul,68.99 €,89.97 €,-23%,"['z vitaminom C', 'za nastajanje kolagena', 'vezivno tkivo in hrustanec']"
3x Quick FatBurn,Purely Nutrition,skupaj 360 kapsul,38.99 €,59.97 €,-35%,"['cink +garcinia cambogia', 'uravnavanje telesne teže', 'zaviranje apetita']"
Veganski Complete EAA – zeleno jabolko,ProFuel,500 g,33.49 €,,,"['za pred, med in po treningu', 's sladilom sukraloza', 'vseh 9 esencialnih aminokislin']"
Konopljini proteini BIO,Sanct Bernhard,750 g,20.99 €,21.99 €,-5%,"['\u200bvisoka vsebnost beljakovin', 'iz ekološke pridelave', 'popestritev prehrane']"
Magnezij + kininovec,Fleurance Nature,30 tablet,17.99 €,,,"['odlična kombinacija', 'z vitamini in minerali', 'podpora mišicam']"
AAKG 4000 mg,QNT,100 tablet,10.99 €,20.99 €,-48%,"['L-arginin alfa-ketoglutarat', '1000 mg na tableto', 'za pred treningom']"
Bučni proteini - BIO,Allgäuer,500 g,11.99 €,,,"['100% rastlinski izvor', 'lahko jih jeste samostojno', 'za peko ali napitke']"
BIO Bučni proteini,Dragon Superfoods,200 g,5.99 €,,,"['visoka vsebnost beljakovin', 'vsestranska uporaba', 'ekološka pridelava']"
Riptek – fat burner,QNT,120 kapsul,20.99 €,39.99 €,-48%,"['vsebuje kofein', 'z izvlečkom zelenega čaja', 'uravnavanje telesne teže']"
L-glutamin 2000 mg,NewFood,90 tablet,20.99 €,,,"['aminokislina', '2000 mg v priporočenem odmerku', 'za fizično aktivne']"
Mandljevi proteini BIO,Sanct Bernhard,750 g,32.99 €,,,"['\u200bvisoka vsebnost beljakovin', 'fino mleti mandlji', 'iz ekološke pridelave']"
BIO Roobar proteinska ploščica – lešnik & čokolada,Smart Organic,40 g,1.99 €,,,"['veganska', 'brez glutena', 'rastlinske beljakovine']"
Magnezijevi kristali za kopel,Zechsal,4000 g,30.99 €,,,"['za sproščujočo kopel', 'veliko pakiranje', 'dobra topnost v vodi']"
Magnezijevo olje,Zechsal,500 ml,32.99 €,,,"['hitra absorpcija', 'učinkovito delovanje', 'lahko se uporabi v razpršilu']"
V-Protein 4K veganski proteini – čokoladno mleko,ProFuel,750 g,22.49 €,,,"['mešanica 4 rastlinskih proteinov', 'visoka vsebnost beljakovin', 'brez laktoze']"
Arašidov namaz - gladek,AllNutrition,1000 g,9.99 €,10.99 €,-9%,"['popolnoma gladko', 'odličnega okusa', '100 % arašidi']"
Tavrin,Herbafit,180 kapsul,15.49 €,17.99 €,-14%,"['visoka stopnja absorpcije', 'zmanjševanje utrujenosti', 'z vitaminom B2']"
Trimagnezij + kalij,AllNutrition,100 kapsul,10.49 €,11.99 €,-13%,"['srce', 'vitamin B6', 'živčni sistem']"
Xplode – šumeče tablete,FutuNatura,10 šumečih tablet,1.99 €,2.99 €,-33%,"['s kofeinom in tavrinom', 'več energije, psihološko delovanje, živčevje', 'z okusom tutti frutti']"
Arthrocann Kolagen,Annabis,60 tablet,27.49 €,,,"['edinstven naravni kompleks', 'vitamini\xa0C, D3 in B12', 'krepitev']"
DMSO + magnezijevo olje s pipeto,Heiltropfen,100 ml,17.99 €,,,"['priložena pipeta', 'originalni recept dr. Fischer', '40% magnezijevega olja']"
Magnezij Forte + B kompleks,FutuNatura,30 tablet,9.99 €,10.99 €,-9%,"['več energije', 'za živčni sistem', '4 vitamini B kompleksa']"
3x Elektroliti – prah za pripravo napitka,OnEnergy,skupaj 60 vrečk,20.99 €,29.97 €,-30%,"['podpora hidracije', 'minerali + vitamin B6', 'okus limone in limete']"
Cink + magnezij + B6,AllNutrition,20 šumečih tablet,3.49 €,,,"['za učinkovit napitek', 'okus: limona', 'proti utrujenosti']"
Črni ingver – izvleček,HealthyWorld®,120 kapsul,19.99 €,22.99 €,-13%,"['Kaempferia parviflora', '100 mg ingverja v 1 kapsuli', 'priljubljen med športniki, pari ...']"
Novozelandska zelenousta školjka,Sanct Bernhard,150 kapsul,16.49 €,17.99 €,-8%,"['500 mg čistega koncentrata', 'naravni glukozaminoglikan', 'izvleček zelenouste školjke']"
Magnezij kompleks 400 mg,Purely Nutrition,180 kapsul,16.99 €,22.99 €,-26%,"['4 aktivne oblike magnezija', 'za več energije in podporo delovanja mišic', '400 mg magnezija v 2 kapsulah']"
Anabolic Amino – kompleks anabolnih aminokislin,OnEnergy,300 tablet,19.99 €,24.99 €,-20%,"['tablete z jagodnim okusom', '19 anabolnih aminokislin', 'za vse fizično aktivne']"
L-glicin 1000 mg,Vita World,120 kapsul,21.99 €,,,"['visoka vsebnost', 'aminokislina', 'gradnik beljakovin']"
Magnezijevo olje v spreju,NatVita,250 ml,9.99 €,12.49 €,-20%,"['33 % magnezijevega klorida', 'enostavna uporaba', 'hitra absorpcija']"
Balzam z zelenousto školjko,Sanct Bernhard,150 ml,10.99 €,,,"['poživitev', 'hladilno-grelni učinek', 'mehka in voljna koža']"
L-Tirozin 500 mg,OnEnergy,365 kapsul,19.99 €,24.99 €,-20%,"['aminokislina', 'z vitaminoma B3 + B12', 'energija, živčevje, psihološko delovanje']"
Kromov pikolinat 200 µg,Sanct Bernhard,250 tablet,10.99 €,12.49 €,-12%,"['dobra absorpcija', 'vegansko', 'boljša presnova']"
Magnezij – za mišice,ActivLab,60 kapsul,3.99 €,,,"['magnezijev karbonat', 'za normalno delovanje mišic', 'z dodatkom kalija in vitamina B6']"
L-arginin HCL 4500 mg,OnEnergy,365 kapsul,19.99 €,24.99 €,-20%,"['aminokislina', '4500 mg v 6 kapsulah', 'odlična absorpcija']"
L-Citrulin 2400 mg,OnEnergy,180 kapsul,16.99 €,19.99 €,-15%,"['aminokislina za aktivne', 'nastajanje dušikovega oskida', '2400 mg v 4 kapsulah']"
3x Shilajit Mumie 600 mg – smola,HealthyWorld®,skupaj 90 g,53.99 €,74.97 €,-28%,"['ajurvedska smola', '600 mg na odmerek', '50 % fulvične kisline']"
3x Krom Active,FutuNatura,skupaj 90 kapsul,23.99 €,26.97 €,-11%,"['veliko pakiranje', 'normalni krvni sladkor', 'pri utrujenosti in izčrpanosti']"
L-karnitin 500 mg,QNT,60 kapsul,11.99 €,22.99 €,-48%,"['super izbira za športnike', '500 mg L-karnitina v 1 kapsuli', 'odlična absorpcija']"
Kreatin,AllNutrition,500 g,27.49 €,,,"['za fizično aktivne', 'nevtralnega okusa', 'telesna zmogljivost']"
"Izotonični energijski napitek, breskev-marakuja",Sanct Bernhard,900 g,23.99 €,26.99 €,-11%,"['izotonični energijski napitek', 'ne vsebuje laktoze in glutena', 'za 12,5 litrov napitka']"
Beta-alanin v prahu,OnEnergy,500 g,14.99 €,19.99 €,-25%,"['za pripravo napitka', 'nevtralnega okusa', 'visoka koncentracija']"
R-alfa lipoična kislina R-ALA,AllNutrition,90 kapsul,27.49 €,,,"['biološko aktivna oblika', 'R-lipojska kislina', 'odlično za atlete in športnike']"
GABA - 500 mg,Zein Pharma,90 kapsul,27.49 €,29.49 €,-7%,"['vrhunska kakovost', 'gama-aminobutanojska kislina', 'zaviralni nevrotrasmiter']"
BCAA v prahu – limona,QNT,350 g,11.99 €,29.99 €,-60%,"['esencialne aminokisline', 'za športno aktivne', 'super razmerje 2:1:1']"
NAC 150 mg,AllNutrition,90 tablet,10.99 €,,,"['predstopnja glutationa', 'N-acetil cistein', 'za aktivne']"
L-arginin 750 mg,Vita World,100 kapsul,15.49 €,,,"['v bazični obliki', 'aminokilsina', 'brez dodatkov']"
Navadna zobačica,ALIVER Nutraceutics,120 kapsul,24.49 €,,,"['90 % saponinov', 'krepitev spolne želje', 'podpora spolnosti']"
Veganski Complete EAA – limona in limeta,ProFuel,500 g,33.49 €,,,"['kar 12.500 mg EAA', 's sladilom sukraloza', 'vseh 9 esencialnih aminokislin']"
ALL Vitamini in minerali,AllNutrition,120 kapsul,16.49 €,17.99 €,-8%,"['22 vitaminov in mineralov', 'celostna podpora telesa', 'za športno aktivne']"
Arašidov namaz – s koščki,AllNutrition,1000 g,9.99 €,10.99 €,-9%,"['s koščki arašidov', 'kot namaz ali dodatek jedem', '100 % arašidi']"
Sojini proteini – češnja in jogurt,AllNutrition,500 g,14.99 €,17.99 €,-17%,"['za mišice', 'brez dodanega sladkorja', 'za okusen proteinski shake']"
Crunch namaz z arašidi,AllNutrition,500 g,12.49 €,,,"['praženi arašidi', 's kakavom', 's sladilom']"
Energijski gel s kofeinom – jagodičevje,Vitaldin Sport,24 x 40 g,23.99 €,,,"['25 g OH na 1 vrečko', 'za hitro in dolgotrajno\xa0energijo', 'z vitaminom B6']"
3x Veganski izolat sojinih beljakovin – čokolada,OnEnergy,skupaj 3000 g,53.99 €,74.97 €,-28%,"['povečanje mišične mase', '105\xa0kcal in 0 g sladkorjev', 'visoka vsebnost beljakovin']"
"Opornica za komolec, velikost M",WUNDmed,1 kos,5.49 €,,,"['medicinski pripomoček', 'zagotavlja podporo komolcu', 'pralna']"
3x L-arginin HCL 4500 mg,HealthyWorld®,skupaj 1095 kapsul,53.99 €,68.97 €,-22%,"['aminokislina', '4500 mg v 6 kapsulah', 'biološko aktivna oblika']"
"Športni bandažni trak, 8m x 2.5cm",WUNDmed,1 kos,3.99 €,,,"['medicinski \xa0pripomoček', 'za podporo in stabilnost sklepov', 'na voljo v\xa04 različnih barvah']"
HMB 2150 mg – prah za pripravo napitka,OnEnergy,200 g,19.99 €,24.99 €,-20%,"['za športnike', 'z vitaminom B6', 'nevtralnega okusa']"
3x Quick FatBurn,OnEnergy,skupaj 360 kapsul,41.99 €,59.97 €,-30%,"['uravnavanje telesne teže', 'presnova maščobnih kislin', '6 aktivnih sestavin']"
3x NightTime FatBurn,Purely Nutrition,skupaj 360 kapsul,38.99 €,59.97 €,-35%,"['5 aktivnih sestavin', 'Neopuntia™, L-karnitin in baldrijan', 'podpora energijskemu metabolizmu']"
Isoactive izotonični napitek – limona,ActivLab,"20 x 31,5 g",8.99 €,,,"['vrečke s prahom za pripravo napitka', 'z izvlečkom zelenega čaja', 'za fizično aktivne']"
Veganski L-citrulin malat 2:1,ProFuel,500 g,27.99 €,,,"['aminokislina', 'za športnike', 'hitra priprava']"
"Grahovi proteini, okus čokolade",Intenson,600 g,17.99 €,,,"['za 20 porcij', 'lahko prebavljivi', 's sladilom']"
Kolebnica,OnEnergy,1 kos,2.99 €,,,"['odličen pripomoček za športnike', 'trpežen material', 'praktična dolžina']"
"EAA  v prahu – ananas, limona, pomaranča",OnEnergy,500 g,24.99 €,29.99 €,-17%,"['7 esencialnih aminokislin', 'prah za pripravo napitka', 's priloženo merilno žličko']"
Magnezij + ašvaganda + vitamin B6,AllNutrition,100 kapsul,19.99 €,,,"['proti utrujenosti', 'živčni sistem + psihološko delovanje', 'z izvlečkom ašvagande']"
Magnezijev citrat v prahu,MyVita,250 g,16.49 €,,,"['visoka absorpcija', 'za več kot 3 mesece', 'organska oblika']"
"Shaker - 600 ml, roza",AllNutrition,1 kos,3.99 €,,,"['odličen za športnike', 'praktičen za uporabo', 'barve ni mogoče izbirati\xa0(barva na fotografiji je simbolična)']"
3x Glukozamin + hondroitin,HealthyWorld®,skupaj 540 kapsul,53.99 €,68.97 €,-22%,"['z vitaminom C', 'za nastajanje kolagena', 'vezivno tkivo in hrustanec']"
L-karnitin,AllNutrition,120 kapsul,20.99 €,,,"['z dodanim vitaminom C', 'za športnike', '530 mg na 1 kapsulo']"
Vitamini in minerali,QNT,60 kapsul,8.99 €,15.99 €,-44%,"['za športno aktivne in ostale', 'imunski sistem + energija', '18 vitaminov in mineralov']"
"Opornica za koleno, velikost L",WUNDmed,1 kos,5.49 €,,,"['medicinski pripomoček', 'zagotavlja podporo kolenu', 'pralna']"
3x Kreatin monohidrat 3000 mg,HealthyWorld®,skupaj 540 tablet,41.99 €,59.97 €,-30%,"['3000 mg v 3 tabletah', 'telesna zmogljivost', 'več energije']"
Isoactive izotonični napitek – pomaranča,ActivLab,"20 x 31,5 g",8.99 €,,,"['vrečke s prahom za pripravo napitka', 'z izvlečkom guarane', 'za fizično aktivne']"
Vitamini in minerali VITAMINALL,AllNutrition,20 šumečih tablet,3.99 €,,,"['za učinkovit napitek', 'okus: pomaranča', '22 vitaminov in mineralov']"
"Kineziološki trak - moder, 5cm x 5m",WUNDmed,1 kos,7.49 €,,,"['vrhunska kvaliteta', 'koži prijazen', 'za športnike']"
Želatina-PLUS® v prahu - Kolagen hidrolizat,Sanct Bernhard,500 g,18.99 €,20.99 €,-10%,"['66 % hidroliziran kolagen', 'odlična absorpcija', 'dodan vitamin C in minerali']"
Hladno / topli gel obkladek,WUNDmed,1 kos,3.99 €,,,"['medicinski pripomoček', 'za grelni ali hladilni obkladek', 'vsestransko uporaben']"
Magnezijev glicinat,Focus Supplements,180 kapsul,24.49 €,24.99 €,-2%,"['250 mg na 2 kapsuli', 'bioaktivna oblika magnezija', 'kosti, mišice, energija']"
Mumia (Shilajit),Dr. Popov,60 tablet,26.49 €,27.99 €,-5%,"['popolnoma naravna', 'ajurvedska dragocenost', '100 % smola brez dodatkov']"
Shape Control Garcinia cambogia + glukomanan,FutuNatura,180 kapsul,19.99 €,21.99 €,-9%,"['60 % HCA', 's kromom', 'izguba telesne teže']"
Glukozamin in hondroitin kompleks,WeightWorld,180 kapsul,21.99 €,,,"['za kosti', 'z vitaminom C', 'z MSM in hialuronsko kislino']"
Črna maca kompleks,Erefit®,200 kapsul,12.99 €,19.99 €,-35%,"['z aminokislinami in vitamini', 'podpora spolnosti in plodnosti', 'edinstvena formula']"
Kreatin monohidrat 3000 mg,WeightWorld,270 tablet,19.99 €,21.99 €,-9%,"['podpora pri telesnih naporih', 'telesna zmogljivost', '3000 mg v 3 tabletah']"
Elektroliti – šumeče tablete,Purely Nutrition,20 šumečih tablet,1.99 €,2.49 €,-20%,"['natrij + kalij + klorid', 'podpora hidracije', 'okus črnega ribeza']"
BIO riževi proteini,Dragon Superfoods,200 g,6.49 €,,,"['bogati z aminokislinami', 'visoka vsebnost beljakovin', 'dodatek smutijem, kašam, soku …']"
3x Magnezij Forte + B kompleks,FutuNatura,skupaj 90 tablet,23.99 €,32.97 €,-27%,"['več energije', 'veliko pakiranje', 'za mišice']"
3x Magnezijev glicinat 250 mg,HealthyWorld®,skupaj 540 kapsul,50.99 €,65.97 €,-23%,"['veliko pakiranje', '250 mg magnezija v 2 kapsulah', 'za energijo in delovanje mišic']"
L-treonin 1500 mg,OnEnergy,120 kapsul,9.99 €,12.99 €,-23%,"['esencialna aminokislina', 'visoka vsebnost', '1500 mg v 3 kapsulah']"
BIO Guarana v prahu,FutuNatura,250 g,24.99 €,29.99 €,-17%,"['Paullinia cupana', 'iz semen guarane', 'brez aditivov']"
BCAA 2:1:1 – gozdni sadeži,OnEnergy,500 g,19.99 €,24.99 €,-20%,"['prah za pripravo napitka', 'za pred in po vadbi', 'levcin +\xa0izolevcin + valin']"
Shilajit (Mumia) 400 mg,Bioherba,100 kapsul,15.99 €,,,"['vsestranska uporaba', '100 % naravno', 'z dodanim cinkom']"
Whey proteini iz sirotke – bela čokolada,OnEnergy,1000 g,28.99 €,32.99 €,-12%,"['osnovni gradniki mišic', 'samo 113 kcal na porcijo', 'visoka vsebnost beljakovin']"
Bučni proteini BIO,Sanct Bernhard,1000 g,18.99 €,20.99 €,-10%,"['\u200bvisoka vsebnost beljakovin', 'brez glutena', 'iz ekološke pridelave']"
Kompleks Aminokislin,Sanct Bernhard,200 kapsul,21.99 €,,,"['18 aminokislin', 'biološka valenca 137', 'za vse starosti']"
Power shot napitek s kofeinom in tavrinom,AllNutrition,80 ml,1.49 €,,,"['za pred vadbo', 'za športnike', 'okus ananasa']"
3x Trimagnezij kompleks 2250 mg,OnEnergy,skupaj 540 kapsul,38.99 €,56.97 €,-32%,"['2250 mg v 3 kapsulah', 'živčevje + kosti + mišice', 'zmanjševanje utrujenosti']"
MCT olje C8 - C10,Sanct Bernhard,500 ml,26.99 €,29.99 €,-10%,"['nevtralnega okusa', 'C8 in C10 - 60:40', 'za športnike']"
BIO Super Greens v prahu,WeightWorld,200 g,19.99 €,22.99 €,-13%,"['odlično za smoothije', '9 superživil', 'primerno za vegane']"
BIO Roobar proteinska ploščica – češnja & čokolada,Smart Organic,40 g,1.99 €,,,"['veganska', 'brez glutena', 'visoka vsebnost beljakovin']"
Konjski balzam,Sanct Bernhard,200 ml,8.99 €,,,"['kakovostne sestavine', 'hitra absorpcija', 'odličen za športnike']"
BIO Roobar proteinska ploščica – spirulina & limona,Smart Organic,40 g,1.99 €,,,"['veganska & presna', 'brez glutena', 'visoka vsebnost beljakovin']"
Indijska kopriva 50 mg,Zein Pharma,60 kapsul,14.99 €,,,"['kar 20 % forskolina', 'Coleus forskohlii', 'izvleček 50:1']"
Kokos Crunch namaz z mandlji,AllNutrition,500 g,15.49 €,,,"['10 % mandljev', 'odličnega okusa', 's sladilom']"
"WHEY Lactose Free, proteini iz sirotke brez laktoze – vanilija",AllNutrition,700 g,34.99 €,,,"['za mišice', 'brez glutena', 'za okusen proteinski shake']"
BIO črna maca,Nature Love,120 kapsul,20.99 €,,,"['telesna in duševna zmogljivost', 'želja po spolnosti', '100 % vegansko']"
Izgorevanje maščob: L-karnitin + CLA Forte,FutuNatura,komplet,24.49 €,27.48 €,-11%,"['odlična kombinacija', 'za aktivne osebe', 'hitrejša presnova energije']"
Gelenkfit,Sanct Bernhard,240 kapsul,24.49 €,32.99 €,-26%,"['glukozamin in\xa0hondroitin', 'hrustanec in sklepi', 'dodani vitamini']"
Shilajit kompleks – z zelišči,WeightWorld,120 kapsul,24.99 €,,,"['ajurvedska sestavina', 'ašvaganda + kurkuma + črni poper', 'za 4 mesece']"
"Opornica za komolec, velikost S",WUNDmed,1 kos,2.99 €,5.49 €,-46%,"['medicinski pripomoček', 'zagotavlja podporo komolcu', 'pralna']"
3x L-citrulin 3000 mg,HealthyWorld®,skupaj 720 kapsul,44.99 €,68.97 €,-35%,"['aminokislina', 'nastajanje dušikovega oskida', '3000 mg v 4 kapsulah']"
BCAA Matrix 4800 mg,QNT,200 tablet,9.99 €,24.99 €,-60%,"['4800 mg v dnevnem odmerku', 'hitra absorpcija', 'ustvarjeno za športnike']"
3x Magnezij + Kalcijev L-Treonat,HealthyWorld®,skupaj 720 kapsul,53.99 €,74.97 €,-28%,"['za mišice + živčni sistem', 'zmanjševanje utrujenosti in izčrpanosti', 'z 2 oblikama magnezija']"
BCAA + L-glutamin,QNT,180 tablet,13.99 €,26.99 €,-48%,"['zmanjšanje utrujenosti', 'levcin, izolevcin, valin', 'za športno aktivne']"
BIO Roobar proteinska ploščica – mandelj & čokolada,Smart Organic,40 g,1.99 €,,,"['veganska', 'brez glutena', 'rastlinske beljakovine']"
3x Kreatin monohidrat 3000 mg GIGA CAPS,OnEnergy,skupaj 1200 kapsul,56.99 €,74.97 €,-24%,"['visok dnevni odmerek', '3000 mg v 4 kapsulah', 'telesna zmogljivost']"
ALL Vitamini in minerali,AllNutrition,120 kapsul,16.49 €,17.99 €,-8%,"['22 vitaminov in mineralov', 'celostna podpora telesa', 'za športno aktivne']"
Arašidov namaz – s koščki,AllNutrition,1000 g,9.99 €,10.99 €,-9%,"['s koščki arašidov', 'kot namaz ali dodatek jedem', '100 % arašidi']"
Sojini proteini – češnja in jogurt,AllNutrition,500 g,14.99 €,17.99 €,-17%,"['za mišice', 'brez dodanega sladkorja', 'za okusen proteinski shake']"
Crunch namaz z arašidi,AllNutrition,500 g,12.49 €,,,"['praženi arašidi', 's kakavom', 's sladilom']"
L-teanin 400 mg,Mindful Matter,120 kapsul,26.99 €,,,"['iz zelenega čaja', '400 mg v 2 kapsulah', 'učinkovita aminokislina']"
"Opornica za gleženj, velikost L",WUNDmed,1 kos,5.49 €,,,"['medicinski pripomoček', 'zagotavlja podporo gležnju', 'lahko se opere']"
"Opornica za komolec, velikost M",WUNDmed,1 kos,5.49 €,,,"['medicinski pripomoček', 'zagotavlja podporo komolcu', 'pralna']"
3x L-arginin HCL 4500 mg,HealthyWorld®,skupaj 1095 kapsul,53.99 €,68.97 €,-22%,"['aminokislina', '4500 mg v 6 kapsulah', 'biološko aktivna oblika']"
V-Protein 8K veganski proteini – čokoladni brownie,ProFuel,750 g,22.49 €,,,"['mešanica 8 rastlinskih proteinov', 'visoka vsebnost beljakovin', 'brez\xa0laktoze']"
Vegain Max veganski protein mix – vanilja,ProFuel,3000 g,44.99 €,,,"['kompleksni ogljikovi hidrati', 'mešanica 3 rastlinskih proteinov', 'po vadbi']"
Celadrin 120 mg,Bioherba,60 kapsul,11.99 €,,,"['240 mg celadrina na 2 kapsuli', 'maščobne kisline', 'enostavno doziranje']"
BIO Konopljini proteini v prahu,Raab Vitalfood,125 g,6.99 €,,,"['visoka vsebnost beljakovin', 'brez glutena in laktoze', 'dodatek čaju, soku in jedem']"
Magnezijev bisglicinat,Zechsal,40 g,10.99 €,,,"['podpora kostem in mišicam', 'manj utrujenosti', 'v obliki praška za napitek']"
Veganski EAA,ProFuel,240 kapsul,27.99 €,,,"['8000 mg aminokislin na dan', '8 esencialnih aminokislin', 'primerno za športnike']"
Sojini proteini – čokolada,AllNutrition,500 g,14.99 €,17.99 €,-17%,"['za mišice', 'brez dodanega sladkorja', 'za okusen proteinski shake']"
3x Magnezijev citrat Forte + vitamin B6,Purely Nutrition,skupaj 180 kapsul,22.79 €,29.97 €,-24%,"['za živčni sistem', 'delovanje mišic', 'več energije']"
"Opornica za gleženj, velikost S",WUNDmed,1 kos,5.49 €,,,"['medicinski pripomoček', 'zagotavlja podporo gležnju', 'pralna']"
L-karnitin + holin,Raab Vitalfood,75 kapsul,19.99 €,,,"['odlična kombinacija', 'izjemno čist L-karnitin', 'za presnovo\xa0maščob']"
Konopljin balzam – hladni,Virde,200 ml,6.99 €,,,"['hladilni učinek', 'za utrujene noge', 'idealna uporaba po vadbi']"
L-Carni napitek z zelenim čajem,AllNutrition,80 ml,1.49 €,,,"['L-karnitin + selen + cink', 'podpora presnove makrohranil', 'z okusom belega grozdja']"
Kompleks elektrolitov,HealthyWorld®,180 tablet,14.99 €,19.99 €,-25%,"['5 mineralov', 'podpora hidracije', 'veliko pakiranje']"
Isoactive izotonični napitek – lubenica,ActivLab,"31,5 g",0.49 €,,,"['prah za pripravo napitka', 'z izvlečkom mace', 'za fizično aktivne']"
L-arginin 500 mg,FutuNatura,180 kapsul,13.99 €,16.49 €,-15%,"['biološko aktivna oblika', 'z vitamini B6, B12, B9', 'nastajanje krvi']"
Kompleks aminokislin,HealthyWorld®,180 tablet,19.99 €,24.99 €,-20%,"['12\xa0aminokislin', 'izgradnja beljakovin', 'optimalni odmerek']"
Red Panax Ginseng – izvleček rdečega ginsenga 1200 mg,OnEnergy,120 kapsul,14.99 €,24.99 €,-40%,"['1200 mg na 2 kapsuli', 'za vitalnost in energijo', 'podpira kognitivne funkcije']"
L-glutamin – prah za pripravo napitka,OnEnergy,500 g,14.99 €,19.99 €,-25%,"['aminokislina', 'za fizično aktivne', 'za po treningu']"
Magnezij + Kalcijev L-Treonat,HealthyWorld®,240 kapsul,19.99 €,24.99 €,-20%,"['za mišice + živčni sistem', 'zmanjševanje utrujenosti in izčrpanosti', 'z 2 oblikama magnezija']"
Weight Control glukomanan + krom,FutuNatura,180 kapsul,17.99 €,,,"['vzdrževanje ravni glukoze', 'hujšanje in presnova', 'tudi za manj aktivne']"
Magnezijev citrat 444 mg,OnEnergy,240 kapsul,16.99 €,22.99 €,-26%,"['podpora mišicam in živčnemu sistemu', '444 mg magnezija v 2 kapsulah', 'boljša absorpcija']"
3x Magnezij + vitamin B6 – šumeče tablete,OnEnergy,skupaj 60 šumečih tablet,5.39 €,7.47 €,-28%,"['podpora mišic in živčnega sistema', 'okus limone', 'hitra in enostavna priprava']"
Turkesteron 1200 mg,HealthyWorld®,90 kapsul,24.99 €,29.99 €,-17%,"['iz izvlečkaAjuga Turkestanica', '1200 mg v 2 kapsulah', 'standardiziran na 10 %']"
Magnezijev kelat 375 mg,HealthyWorld®,120 kapsul,12.99 €,14.99 €,-13%,"['za mišice + živčni sistem', 'zmanjševanje utrujenosti in izčrpanosti', '375 mg magnezija v 3 kapsulah']"
L-karnozin 1000 mg,HealthyWorld®,120 kapsul,24.99 €,29.99 €,-17%,"['1000 mg v 2 kapsulah', 'visoka biorazpoložljivost', 'za športnike, starejše ...']"
Magnezij + Kalcijev L-Treonat,OnEnergy,180 kapsul,16.99 €,22.99 €,-26%,"['2 obliki magnezija', 'živčevje + mišice + kosti', 'zmanjševanje utrujenosti']"
3x Magnezij DIRECT 400 mg,HealthyWorld®,skupaj 90 vrečk,14.99 €,20.97 €,-29%,"['za mišice + živčni sistem', 'uživanje brez tekočine', 'okus pomaranče']"
Kofein 200 mg,OnEnergy,365 tablet,9.99 €,12.99 €,-23%,"['visok odmerek', 'za fizično aktivne – pred vadbo', 'enostavno odmerjanje']"
Active FatBurn,Purely Nutrition,120 kapsul,14.99 €,19.99 €,-25%,"['presnova makrohranil', '10 aktivnih sestavin', 'izvlečki guarane, čilija in zelenega čaja']"
Magnezij SUPRA,Sanct Bernhard,120 kapsul,9.99 €,14.49 €,-31%,"['400 mg magnezija', 'za več energije', 'podpora mišicam']"
L-karnitin tartrat,FutuNatura,120 kapsul,12.99 €,,,"['primerno je za vegane', 'biološko aktivna oblika', 'odlično za športnike']"
NAC 750 mg,Zein Pharma,120 kapsul,21.49 €,,,"['stabilizator beljakovinskih struktur', 'N-acetil cistein', 'predhodnik glutationa']"
GABA 500 mg,FutuNatura,90 kapsul,15.49 €,16.49 €,-6%,"['gama-aminomaslena\xa0kislina', 'nevrotransmiter v možganih', 'vrhunska kakovost']"
3x Magnezij – šumeče tablete,FutuNatura,skupaj 60 šumečih tablet,5.39 €,7.47 €,-28%,"['okus limone', '250 mg v dnevnem odmerku', 'za energijo, mišice, kosti']"
R-ALA – R-alfa lipoična kislina 300 mg,OnEnergy,120 kapsul,24.99 €,29.99 €,-17%,"['za športnike', 'dvig energije', '300 mg na kapsulo']"
Magnezij 125 mg,WeightWorld,90 gumi bonbonov,16.49 €,16.99 €,-3%,"['naravna aroma grozdja', 'za mišice in živčni sistem', '125 mg magnezijevega citrata v 2 kapsulah']"
L-glutamin 4500 mg MEGA CAPS,OnEnergy,400 kapsul,19.99 €,26.99 €,-26%,"['4500 mg v 6 kapsulah', 'aminokislina', 'za aktivne, športnike, fitneserje']"
Isoactive izotonični napitek – limona,ActivLab,"31,5 g",0.49 €,,,"['prah za pripravo napitka', 'z izvlečkom zelenega čaja', 'za fizično aktivne']"
3x Magnezij – šumeče tablete,HealthyWorld®,skupaj 60 šumečih tablet,5.39 €,7.47 €,-28%,"['zmanjševanje utrujenosti, mišice, kosti', 'hitra\xa0in enostavna priprava', 'z okusom limone']"
Brezvodni kofein v prahu,NatVita,120 g,9.99 €,,,"['čista oblika kofeina', 'za fizično aktivne', 'enostavno uživanje']"
Liposomski luteolin 500 mg,OnEnergy,60 kapsul,14.99 €,19.99 €,-25%,"['naravni rastlinski flavonoid', '500 mg\xa0luteolina v dnevnem odmerku', 'izboljšana biorazpoložljivost']"
Šumeče tablete z elektroliti,AllNutrition,20 šumečih tablet,3.49 €,,,"['za učinkovit napitek', 'Mg + Ca+ K + Na', 'okus: pomaranča']"
Grahovi proteini - BIO,Dragon Superfoods,200 g,6.99 €,,,"['82 % beljakovin', 'blagega okusa', 'lahko prebavljivi']"
Magnezijev citrat Forte + vitamin B6,Purely Nutrition,60 kapsul,7.99 €,9.99 €,-20%,"['za živčni sistem', 'delovanje mišic', 'več energije']"
3x Elektroliti – šumeče tablete,Purely Nutrition,skupaj 60 šumečih tablet,5.39 €,7.47 €,-28%,"['natrij + kalij + klorid', 'podpora hidracije', 'okus črnega ribeza']"
L-tavrin 1000 mg,HealthyWorld®,180 kapsul,12.99 €,14.99 €,-13%,"['aktivna oblika\xa0tavrina', 'pogojno esencialna aminokislina', '1000 mg v 2 kapsulah']"
3x Magnezij DIRECT 400 mg,OnEnergy,skupaj 90 vrečk,14.99 €,20.97 €,-29%,"['za mišice in živčni sistem', 'z okusom pomaranče', '400 mg magnezija na vrečko']"
Forskolin – iz izvlečka indijske koprive 20 mg,HealthyWorld®,60 kapsul,14.99 €,19.99 €,-25%,"['Coleus forskohlii', '2 mg čistega forskolina na\xa0kapsulo', 'podpora telesa med hujšanjem']"
Whey proteini iz sirotke – čokolada,OnEnergy,1000 g,28.99 €,32.99 €,-12%,"['osnovni gradniki mišic', 'samo 112 kcal na porcijo', 'visoka vsebnost beljakovin']"
Isoactive izotonični napitek – pomaranča,ActivLab,"31,5 g",0.49 €,,,"['prah za pripravo napitka', 'z izvlečkom guarane', 'za fizično aktivne']"
3x Epsomska sol,FutuNatura,skupaj 3000 g,17.99 €,23.97 €,-25%,"['magnezijev sulfat', 'grenka sol', 'vsestranska uporaba']"
HYDRO Energijski gel s kofeinom – kola,Vitaldin Sport,55 ml,1.19 €,,,"['hiter vir energije', 'z vitaminom B6', 'enostavno uživanje brez vode']"
Celadrin 120 mg,Bioherba,60 kapsul,11.99 €,,,"['240 mg celadrina na 2 kapsuli', 'maščobne kisline', 'enostavno doziranje']"
BIO Konopljini proteini v prahu,Raab Vitalfood,125 g,6.99 €,,,"['visoka vsebnost beljakovin', 'brez glutena in laktoze', 'dodatek čaju, soku in jedem']"
Magnezijev bisglicinat,Zechsal,40 g,10.99 €,,,"['podpora kostem in mišicam', 'manj utrujenosti', 'v obliki praška za napitek']"
Veganski EAA,ProFuel,240 kapsul,27.99 €,,,"['8000 mg aminokislin na dan', '8 esencialnih aminokislin', 'primerno za športnike']"
Sojini proteini – čokolada,AllNutrition,500 g,14.99 €,17.99 €,-17%,"['za mišice', 'brez dodanega sladkorja', 'za okusen proteinski shake']"
3x Magnezijev citrat Forte + vitamin B6,Purely Nutrition,skupaj 180 kapsul,22.79 €,29.97 €,-24%,"['za živčni sistem', 'delovanje mišic', 'več energije']"
"Opornica za gleženj, velikost S",WUNDmed,1 kos,5.49 €,,,"['medicinski pripomoček', 'zagotavlja podporo gležnju', 'pralna']"
L-karnitin + holin,Raab Vitalfood,75 kapsul,19.99 €,,,"['odlična kombinacija', 'izjemno čist L-karnitin', 'za presnovo\xa0maščob']"
Konopljin balzam – hladni,Virde,200 ml,6.99 €,,,"['hladilni učinek', 'za utrujene noge', 'idealna uporaba po vadbi']"
L-Carni napitek z zelenim čajem,AllNutrition,80 ml,1.49 €,,,"['L-karnitin + selen + cink', 'podpora presnove makrohranil', 'z okusom belega grozdja']"
HMB-HD 1000 mg,Genius Nutrition,90 kapsul,16.99 €,,,"['za športnike', 'podpora ob telesnih naporih', '1000 mg v dveh kapsulah']"
BIO Chia proteini,Dragon Superfoods,200 g,8.99 €,,,"['visoka vsebnost beljakovin', 'vsestranska uporaba', 'vegansko']"
BCAA + vitamin B6,QNT,100 kapsul,7.99 €,21.99 €,-64%,"['zmanjšanje utrujenosti', 'levcin, izolevcin, valin', 'za športno aktivne']"
"Kineziološki trak - črn, 5cm x 5m",WUNDmed,1 kos,7.49 €,,,"['vrhunska kvaliteta', 'koži prijazen', 'za športnike']"
3x Active FatBurn,Purely Nutrition,skupaj 360 kapsul,38.99 €,59.97 €,-35%,"['presnova makrohranil', '10 aktivnih sestavin', 'izvlečki guarane, čilija in zelenega čaja']"
Zelena kava,Sanct Bernhard,120 kapsul,21.99 €,24.99 €,-12%,"['s kromom', 'krvni sladkor', 'boljša presnova']"
3x Kompleks elektrolitov,HealthyWorld®,skupaj 540 tablet,38.99 €,59.97 €,-35%,"['5 mineralov', 'podpora hidracije', 'veliko pakiranje']"
ARTHRO Support - vezivno tkivo,NewFood,60 kapsul,31.49 €,,,"['900 mg glukozamina na 2 kapsuli', 'glukozamin + hondroitin + mangan', 'za kosti in vezivno tkivo']"
Glukozamin-hondroitin,Sanct Bernhard,30 vrečk,15.99 €,,,"['z mineralom manganom', 'priročno pakiranje', 'kosti in hrustanec']"
3x L-glutamin – prah za pripravo napitka,OnEnergy,skupaj 1500 g,41.99 €,59.97 €,-30%,"['aminokislina', 'za fizično aktivne', 'za po treningu']"
3x Turkesteron 1200 mg,HealthyWorld®,skupaj 270 kapsul,68.99 €,89.97 €,-23%,"['iz izvlečkaAjuga Turkestanica', '1200 mg v 2 kapsulah', 'standardiziran na 10 %']"
Day Burner,QNT,90 kapsul,11.99 €,22.99 €,-48%,"['z izvlečkom čilija', 'aktivira presnovo maščob', 'uravnavanje telesne teže']"
StructuActiv – hondroitin,ActivLab,60 kapsul,7.99 €,,,"['podpora kostem in vezivnim tkivom', '750 mg hondroitina v 2 kapsulah', 'vzdrževanje hrustanca']"
BCAA Matrix 4800 mg,QNT,200 tablet,9.99 €,24.99 €,-60%,"['4800 mg v dnevnem odmerku', 'hitra absorpcija', 'ustvarjeno za športnike']"
3x Magnezij + Kalcijev L-Treonat,HealthyWorld®,skupaj 720 kapsul,53.99 €,74.97 €,-28%,"['za mišice + živčni sistem', 'zmanjševanje utrujenosti in izčrpanosti', 'z 2 oblikama magnezija']"
Kreatin – malina in jagoda,AllNutrition,500 g,23.99 €,,,"['za fizično aktivne', 's sladilom sukraloza', 'telesna zmogljivost']"
Kalcijev in magnezijev citrat,NewFood,90 žvečljivih tablet,15.99 €,,,"['popolna kombinacija', 'z dodanima vitaminoma K2 in D3', 'kosti + zobje + mišice']"
"Citrulin malat, okus tropsko sadje",AllNutrition,200 g,17.99 €,,,"['enostavno doziranje', '5000 mg citrulin malata na porcijo', 'za športnike']"
V-Protein 4K veganski proteini – vanilijev sladoled,ProFuel,750 g,22.49 €,,,"['mešanica 4 rastlinskih proteinov', 'visoka vsebnost beljakovin', 'brez\xa0laktoze']"
Guarana - izvleček,Vita World,120 kapsul,16.49 €,,,"['dolgotrajnejši učinek', 'rastlinski izvleček', 'vsebuje kofein']"
Kreatin + magnezij,Sanct Bernhard,200 kapsul,16.49 €,,,"['odlično dopolnilo za starejše', 'za vzdržljivost', 'podpora mišicam']"
3x Črna maca kompleks 24.000 mg,OnEnergy,skupaj 720 kapsul,41.99 €,59.97 €,-30%,"['z dodanim L-argininom in cinkom', '1200 mg izvlečka 20:1 v 3 kapsulah', 'podpora zmogljivosti']"
"Opornica za komolec, velikost L",WUNDmed,1 kos,5.49 €,,,"['medicinski pripomoček', 'zagotavlja podporo komolcu', 'pralna']"
Izotonični napitek z okusom grenivke,AllNutrition,700 g,10.99 €,,,"['z izvlečkom ginsenga', 'vnos elektrolitov', 's sladilom']"
Vražji (hudičev) krempelj balzam,Sanct Bernhard,25 ml,2.99 €,,,"['blagodejni učinki', 'nega kože', 'hitro učinkovanje']"
"Opornica za gleženj, velikost M",WUNDmed,1 kos,5.49 €,,,"['medicinski pripomoček', 'zagotavlja podporo gležnju', 'lahko se opere']"
3x Magnezijev citrat 444 mg,OnEnergy,skupaj 720 kapsul,44.99 €,68.97 €,-35%,"['podpora mišicam in živčnemu sistemu', '444 mg magnezija v 2 kapsulah', 'boljša absorpcija']"
WHEY proteini iz sirotke – čokolada in oreh,AllNutrition,908 g,24.99 €,32.99 €,-24%,"['povečanje mišične mase - visoka vsebnost beljakovin', 'za okusen proteinski shake', 'znižano zaradi roka uporabe']"
Črna maca v prahu - BIO,Dragon Superfoods,100 g,6.99 €,,,"['koren mace v prahu', 'podpora spolnosti', 'iz ekološke proizvodnje']"
iCarnitine – L-karnitin kompleks,Genius Nutrition,90 kapsul,21.99 €,,,"['edinstvena in učinkovita formula', 'z dodanimi vitamini C, B6 in B12', 'L-karnitin + zeleni čaj + malinovi ketoni']"
Power shot napitek s kofeinom in tavrinom,AllNutrition,80 ml,1.49 €,,,"['za pred vadbo', 'za športnike', 'okus ananasa']"
BIO Konopljini proteini,FutuNatura,500 g,13.49 €,14.49 €,-7%,"['\u200brastlinski vir\xa0beljakovin', 'iz ekološke pridelave', 'obogatitev prehrane']"
Chilli FatBurn,FutuNatura,30 kapsul,14.99 €,16.99 €,-12%,"['Capsicum anuum', 'hujšanje in dieta', 's čilijem in zelenim čajem']"
Kromov pikolinat 250µg,Zein Pharma,120 kapsul,14.49 €,15.49 €,-6%,"['hitra absorpcija', 'uravnavanje glukoze', 'urejena presnova']"
Krom Active,FutuNatura,30 kapsul,8.99 €,,,"['z izvlečkom zelenega čaja', 'normalni krvni sladkor', 'pri utrujenosti in izčrpanosti']"
Črna maca kompleks 5550 mg,WeightWorld,180 kapsul,18.99 €,23.49 €,-19%,"['podpora spolnosti', 'podpira vitalnost in telesno zmogljivost', '5550 mg izvlečkov v 1 kapsuli']"
Veganski izolat sojinih beljakovin – čokolada,OnEnergy,1000 g,19.99 €,24.99 €,-20%,"['povečanje mišične mase', '105\xa0kcal in 0 g sladkorjev', 'visoka vsebnost beljakovin']"
3x Magnezijev citrat DIRECT – napitek,FutuNatura,skupaj 60 napitkov,17.99 €,26.97 €,-33%,"['125 mg magnezija v vsakem napitku', 'delovanje mišic in dvig energije', 'z aromo manga in pomaranče']"
BCAA 2:1:1 Mega 700 mg,OnEnergy,400 kapsul,19.99 €,24.99 €,-20%,"['5600 mg BCAA na dan', 'za športnike in aktivne', 'levcin +\xa0izolevcin + valin']"
3x Magnezij + vitamin B6 – šumeče tablete,Purely Nutrition,skupaj 60 šumečih tablet,5.39 €,7.47 €,-28%,"['z dodanim vitaminom B6', 'podpora mišic in živčnega sistema', 'hitra in enostavna priprava']"
3x Elektroliti v prahu – limeta,OnEnergy,skupaj 1500 g,35.99 €,50.97 €,-29%,"['Cl + Na + K + Ca + P + Mg', 'enostavna priprava', 'super za hidracijo']"
Pre-Workout – prah za pripravo napitka,OnEnergy,310 g,19.99 €,24.99 €,-20%,"['ustvarjeno za športnike', 'za koncentracijo in vzdržljivost', 'kofein, aminokisline in vitamini']"
Shaker – 500 ml,OnEnergy,1 kos,3.99 €,5.99 €,-33%,"['odličen za športnike', 'praktičen za uporabo', 'za različne napitke']"
Rožni koren ali Rhodiola,FutuNatura,60 tablet,16.49 €,18.99 €,-13%,"['podpora telesu', 'živčni sistem', 'fizično počutje']"
L-karnozin 1000 mg,OnEnergy,120 kapsul,24.99 €,29.99 €,-17%,"['1000 mg v 2 kapsulah', 'za športnike, starejše …', 'visoka biorazpoložljivost']"
Acetil-​L-​karnitin 500 mg,Zein Pharma,60 kapsul,17.49 €,19.99 €,-13%,"['500 mg ALC na 1 kapsulo', 'acetilirana oblika', 'odlična absorpcija']"
Veganski izolat sojinih beljakovin – lešnik,OnEnergy,1000 g,19.99 €,24.99 €,-20%,"['povečanje mišične mase', '105\xa0kcal in 0 g sladkorjev', 'visoka vsebnost beljakovin']"
"Opornica za koleno, velikost XL",WUNDmed,1 kos,5.49 €,,,"['medicinski pripomoček', 'zagotavlja podporo kolenu', 'pralna']"
Konjski balzam - topli,WUNDmed,500 ml,10.99 €,,,"['z rastlinskimi izvlečki', 'hitra absorpcija', 'super izbira za športnike']"
3x Koencim Q10 100 mg,OnEnergy,skupaj 180 kapsul,26.99 €,38.97 €,-31%,"['“koencim mladosti”', '100 mg v 1 kapsuli', 'za športnike in starejše']"
"Magnezij shot – napitek, okus gozdni sadeži",Genius Nutrition,80 ml,1.99 €,,,"['kalij + vitamin B6', 'za športnike', 'dvig energije']"
3x L-arginin HCL 4500 mg,Erefit®,skupaj 1095 kapsul,53.99 €,80.97 €,-33%,"['aminokislina', 'visoka vsebnost', '4500 mg v 6 kapsulah']"
MCM gel,Zechsal,100 ml,17.99 €,,,"['15 % čistega magnezija', 'za sproščujočo masažo', 'vsebuje OptiMSM, hondroitin in ingver']"
"WHEY Delicious, proteini iz sirotke – karamela",AllNutrition,700 g,23.99 €,29.99 €,-20%,"['visoka vsebnostjo beljakovin', 'brez dodanega sladkorja', 'za okusen proteinski shake']"
Izotonični napitek – limeta,Raab Vitalfood,600 g,18.99 €,,,"['prah za pripravo napitka', 'vitamin C, minerali, elektorliti', 'hidracija, mišice, vzdržljivost']"
3x HMB 2150 mg – prah za pripravo napitka,OnEnergy,skupaj 600 g,56.99 €,74.97 €,-24%,"['za športnike', 'z vitaminom B6', 'nevtralnega okusa']"
Kofein,Genius Nutrition,90 tablet,9.99 €,10.99 €,-9%,"['učinkovita absorpcija', 'visok dnevni odmerek', 'za fizično aktivne']"
Rožni koren,Zein Pharma,90 kapsul,34.49 €,,,"['300 mg izvlečka na kapsulo', 'Rhodiola rosea', 'podpora živčnega sistema']"
"Kineziološki trak - rumen, 5cm x 5m",WUNDmed,1 kos,7.49 €,,,"['vrhunska kvaliteta', 'koži prijazen', 'za športnike']"
Kompleks za energijo,Granions Laboratoire,45 tablet,21.99 €,,,"['rastlinski izvlečki', 'za utrujenost in izčrpanost', 's kofeinom']"
Veganski Alphaminos BCAA 2:1:1 – češnja,ProFuel,300 g,25.99 €,,,"['za več energije', 's sladilom sukraloza', 'kompleks 3 aminokislin']"
3x L-treonin 1500 mg,OnEnergy,skupaj 360 kapsul,26.99 €,38.97 €,-31%,"['esencialna aminokislina', 'visoka vsebnost', '1500 mg v 3 kapsulah']"
3x BCAA 2:1:1 – limona-limeta,OnEnergy,skupaj 1500 g,53.99 €,74.97 €,-28%,"['prah za pripravo napitka', 'za pred in po vadbi', 'levcin +\xa0izolevcin + valin']"
"3x EAA  v prahu – ananas, limona, pomaranča",OnEnergy,skupaj 1500 g,71.99 €,89.97 €,-20%,"['7 esencialnih aminokislin', 'prah za pripravo napitka', 's priloženo merilno žličko']"
Vitko poletje: 1x Zelena kava + 1x L-karnitin,FutuNatura,komplet,28.49 €,31.98 €,-11%,"['odlična kombinacija', 'super izbira za aktivne osebe', 'podpora pri uravnavanju telesne teže']"
3x Magnezijev oksid 400 mg,HealthyWorld®,skupaj 1095 kapsul,53.99 €,74.97 €,-28%,"['za mišice in živčni sistem', 'proti utrujenosti', '400 mg na 1 kapsulo']"
Kreatin monohidrat 2000 mg,Genius Nutrition,60 kapsul,15.99 €,,,"['za fizično aktivne', 'brez glutena in laktoze', '2000 mg v 2 kapsulah']"
3x L-karnozin 1000 mg,OnEnergy,skupaj 360 kapsul,68.99 €,89.97 €,-23%,"['1000 mg v 2 kapsulah', 'za športnike, starejše …', 'visoka biorazpoložljivost']"
Cuts 4 All – kompleks z zelenim čajem in piperinom,AllNutrition,120 tablet,27.99 €,,,"['inozitol + holin + l-karnitin', '5 rastlinskih izvlečkov', 'presnova makrohranil']"
3x L-tirozin,OnEnergy,skupaj 1500 g,50.99 €,59.97 €,-15%,"['aminokislina v prahu', 'nevtralnega okusa', 'visoka koncentracija']"
Magnezijev gel z aloe vero in MSM,Heiltropfen,200 ml,14.99 €,,,"['za topično uporabo', 'Intenzivno delovanje', '99 % naravna sestava']"
Chilli Active,Virde,90 tablet,21.99 €,,,"['z rastlinskimi izvlečki', 'uravnavanje telesne teže', 'z rastlinskimi izvlečki']"
Zelena kava,AllNutrition,90 kapsul,16.49 €,18.99 €,-13%,"['Coffea arabica', 'visok delež klorogenske kisline', '500 mg izvlečka na 1 kapsulo']"
Glukomanan kompleks,NewFood,60 kapsul,21.49 €,,,"['dodatek dietam', 'holin in krom', 'z rastlinskimi izvlečki']"
L-Karnozin 500 mg,Zein Pharma,60 kapsul,27.49 €,,,"['optimalni odmerek', 'aminokislina', 'za starejše']"
Glukozamin + Mangan - 500 mg,Zein Pharma,90 kapsul,17.99 €,19.99 €,-10%,"['kosti in vezivno tkivo', 'z dodanim manganom', 'super absorpcija']"
V-Protein Classic veganski proteini – jagoda,ProFuel,1000 g,29.99 €,,,"['izolat grahovih proteinov', 'visoka vsebnost beljakovin', 'brez laktoze']"
Vegain Max veganski protein mix – čokolada in lešnik,ProFuel,3000 g,44.99 €,,,"['kompleksni ogljikovi hidrati', 'mešanica 3 rastlinskih proteinov', 'po vadbi']"
"Opornica za koleno, velikost S",WUNDmed,1 kos,5.49 €,,,"['medicinski pripomoček', 'zagotavlja podporo kolenu', 'pralna']"
"Športni bandažni trak, 5m x 3.8cm",WUNDmed,1 kos,3.99 €,,,"['medicinski pripomoček', 'za podporo in stabilnost sklepov', 'na voljo v\xa04 različnih barvah']"
3x Whey proteini iz sirotke – čokolada,OnEnergy,skupaj 3000 g,83.99 €,98.97 €,-15%,"['osnovni gradniki mišic', 'samo 112 kcal na porcijo', 'visoka vsebnost beljakovin']"
3x AAKG Extreme 1400 mg MEGA CAPS,OnEnergy,skupaj 360 kapsul,35.99 €,50.97 €,-29%,"['L-arginin alfa-ketoglutarat', 'za učinkovit trening', '1400 mg na 2 kapsuli']"
3x ALA – alfa lipoična kislina 600 mg,OnEnergy,skupaj 360 kapsul,53.99 €,74.97 €,-28%,"['600 mg ALA v dnevnem odmerku', 'za športnike in fizično aktivne', 'pretvarja hranila v energijo']"
3x Magnezijev klorid v prahu,FutuNatura,skupaj 3000 g,35.99 €,44.97 €,-20%,"['različni načini uporabe', 'dobro topen v vodi', 'MgCl2+ 6H2O']"
3x Koren Suma v prahu,FutuNatura,skupaj 300 g,26.99 €,38.97 €,-31%,"['Pfaffia paniculataali brazilski ginseng', 'visoka vsebnost vlaknin', 'za športnike, pare']"
3x Veganski izolat sojinih beljakovin – lešnik,OnEnergy,skupaj 3000 g,53.99 €,74.97 €,-28%,"['povečanje mišične mase', '105\xa0kcal in 0 g sladkorjev', 'visoka vsebnost beljakovin']"
BIO Guarana 2000 mg,Diet Food,145 kapsul,17.99 €,,,"['Paullinia cupana', 'kavi podoben učinek', '2000 mg v 4 kapsulah']"
3x Forskolin – iz izvlečka indijske koprive 20 mg,HealthyWorld®,skupaj 180 kapsul,38.99 €,59.97 €,-35%,"['Coleus forskohlii', '2 mg čistega forskolina na\xa0kapsulo', 'podpora telesa med hujšanjem']"
L-​Ornitin 500 mg,Zein Pharma,120 kapsul,21.99 €,,,"['aminokislina', 'za športnike', 'pridobljen s fermentacijo']"
"Flex podpora sklepom, okus ananas",AllNutrition,400 g,25.49 €,,,"['hidroliziran kolagen', '7 aktivnih učinkovin', 'zadostuje za 20 napitkov']"
Koencim Q10 100 mg,OnEnergy,60 kapsul,9.99 €,12.99 €,-23%,"['“koencim mladosti”', '100 mg v 1 kapsuli', 'za športnike in starejše']"
Magnezij – šumeče tablete,HealthyWorld®,20 šumečih tablet,1.99 €,2.49 €,-20%,"['zmanjševanje utrujenosti, mišice, kosti', 'hitra\xa0in enostavna priprava', 'z okusom limone']"
Magnezijev taurat 2000 mg,HealthyWorld®,120 kapsul,14.99 €,19.99 €,-25%,"['mišice in\xa0živčni sistem', 'dvig energije', '2000 mg magnezijevega taurata na 4\xa0kapsule']"
L-Teanin 400 mg,HealthyWorld®,180 kapsul,22.99 €,24.99 €,-8%,"['iz zelenega čaja', '400 mg v 1 kapsuli', 'učinkovita aminokislina']"
Epsomska sol,FutuNatura,1000 g,6.99 €,7.99 €,-13%,"['magnezijev sulfat', 'grenka sol', 'vsestranska uporaba']"
Magnezijev citrat DIRECT – napitek,FutuNatura,20 napitkov,6.99 €,8.99 €,-22%,"['125 mg magnezija v vsakem napitku', 'delovanje mišic in dvig energije', 'z aromo manga in pomaranče']"
HYDRO Energijski gel z elektroliti – limeta,Vitaldin Sport,55 ml,1.19 €,,,"['hiter vir energije', 'z minerali in \xa0vitaminom B6', 'enostavno uživanje brez vode']"
Elektroliti – prah za pripravo napitka,OnEnergy,20 vrečk,7.99 €,9.99 €,-20%,"['podpora hidracije', 'minerali + vitamin B6', 'okus limone in limete']"
Elektroliti – šumeče tablete,OnEnergy,20 šumečih tablet,1.99 €,2.49 €,-20%,"['podpora hidracije', 'natrij + kalij + klorid', 'enostavna priprava napitka']"
3x Magnezij DIRECT 400 mg,FutuNatura,skupaj 90 vrečk,14.99 €,20.97 €,-29%,"['400 mg magnezija na vrečko', 'za mišice\xa0in živčni sistem', 'z aromo pomaranče']"
NightTime FatBurn,Purely Nutrition,120 kapsul,14.99 €,19.99 €,-25%,"['5 aktivnih sestavin', 'Neopuntia™, L-karnitin in baldrijan', 'podpora energijskemu metabolizmu']"
Kreatin monohidrat 3000 mg,HealthyWorld®,180 tablet,14.99 €,19.99 €,-25%,"['3000 mg v 3 tabletah', 'telesna zmogljivost', 'več energije']"
Energijski gel brez kofeina – jagoda & banana,Vitaldin Sport,40 g,0.99 €,,,"['25 g OH na 1 vrečko', 'za hitro in dolgotrajno\xa0energijo', 'z vitaminom B6']"
Energy – Gumiji za dvig energije,HealthyWorld®,90 gumi bonbonov,9.99 €,12.99 €,-23%,"['več energije, manj utrujenosti', 's kofeinom in tavrinom', 'okus češnje']"
L-citrulin 3000 mg,HealthyWorld®,240 kapsul,16.99 €,22.99 €,-26%,"['aminokislina', 'nastajanje dušikovega oskida', '3000 mg v 4 kapsulah']"
Magnezijev citrat 234 mg,HealthyWorld®,240 kapsul,17.99 €,20.99 €,-14%,"['proti utrujenosti', '234 mg magnezija na kapsulo', 'za energijo in delovanje mišic']"
MCT C8:C10 Kokosovo Premium olje,FutuNatura,500 ml,13.99 €,19.99 €,-30%,"['100 % iz kokosa', '59 % C8, 40 % C10', 'brez konzervansov']"
Energijski gel s kofeinom – jagodičevje,Vitaldin Sport,40 g,0.99 €,,,"['25 g OH na 1 vrečko', 'za hitro in dolgotrajno\xa0energijo', 'z vitaminom B6']"
Magnezij 165 mg,HealthyWorld®,90 gumi bonbonov,14.99 €,19.99 €,-25%,"['za mišice + živčni sistem', '2 obliki magnezija', 'okus citrusov']"
Magnezij + vitamin B6 – šumeče tablete,OnEnergy,20 šumečih tablet,1.99 €,2.49 €,-20%,"['podpora mišic in živčnega sistema', 'okus limone', 'hitra in enostavna priprava']"
3x Magnezijev taurat 2000 mg,HealthyWorld®,skupaj 360 kapsul,41.99 €,59.97 €,-30%,"['mišice in\xa0živčni sistem', 'dvig energije', '2000 mg magnezijevega taurata na 4\xa0kapsule']"
Kompleks elektrolitov,WeightWorld,180 tablet,16.99 €,17.99 €,-6%,"['hidracija', 'Mg + Ca + K + Na +\xa0Cl-', 'veliko pakiranje']"
"3x Glukozamin, hondroitin, MSM in hialuronska kislina",Purely Nutrition,skupaj 360 kapsul,53.99 €,74.97 €,-28%,"['sklepi, vezivno tkivo in hrustanec', 'optimalno razmerje med sestavinami', 'za starejše in športnike']"
Proteinska ploščica – jagoda,QNT,65 g,1.99 €,2.99 €,-33%,"['z nizko vsebnostjo sladkorja', 'visoka vsebnost beljakovin', 'okusen in hranilen prigrizek']"
3x Črna maca kompleks 5000 mg,HealthyWorld®,skupaj 540 kapsul,38.99 €,59.97 €,-35%,"['rastlinski izvleček', '5000 mg v 1 kapsuli', 'podpora spolnosti']"
3x Elektroliti – prah za pripravo napitka,HealthyWorld®,skupaj 60 vrečk,20.99 €,29.97 €,-30%,"['podpora hidracije', 'z dodanim cinkom + B6', 'okus limone in limete']"
VeePro veganska proteinska ploščica – kokos,ProFuel,1 ploščica,2.69 €,,,"['brez glutena', 'prijeten okus kokosa', 's sladilom stevia glikozid']"
Kalij - energijski napitek,Sanct Bernhard,30 vrečk,10.99 €,12.49 €,-12%,"['enostavna uporaba', 'delovanje mišic', 'krvni tlak']"
Magnezijev glicinat – bisglicinat,Vita World,120 kapsul,21.99 €,,,"['odlična absorpcija', 'podpora mišicam', 'proti utrujenosti']"
Črna maca kompleks,Viaman,180 kapsul,19.99 €,23.49 €,-15%,"['z ginsengom in argininom', 'koren mace', 'podpora spolnosti']"
Isoactive izotonični napitek – lubenica,ActivLab,"20 x 31,5 g",8.99 €,,,"['vrečke s prahom za pripravo napitka', 'z izvlečkom mace', 'za fizično aktivne']"
"Želatina ""gold extra"" v prahu",Sanct Bernhard,525 g,20.99 €,23.49 €,-11%,"['enostavno odmerjanje', '90 % kolagen hidrolizat', 'odlična absorpcija']"
3x MCT C8:C10 Kokosovo Premium olje,FutuNatura,skupaj 1500 ml,38.99 €,59.97 €,-35%,"['100 % iz kokosa', '59\xa0% C8, 40 % C10', 'brez konzervansov']"
L-karnitin 2000 mg – ledeni čaj,QNT,700 ml,1.99 €,,,"['osvežilen okus', 'za športnike in aktivne', '0 kcal in brez sladkorja']"
Liposomski turkesteron 10 %,OnEnergy,90 kapsul,19.99 €,24.99 €,-20%,"['iz izvlečkaAjuga turkestanica', 'standardiziran na 10 %', 'podaljšano sproščanje']"
Magnezij v kapljicah,Zechsal,30 ml,14.49 €,,,"['primeren tudi za otroke', 'energija, mišice in živčni sistem', 'enostavno doziranje']"
L-arginin HCL 4500 mg,Erefit®,365 kapsul,19.99 €,26.99 €,-26%,"['aminokislina', 'visoka vsebnost', '4500 mg v 6 kapsulah']"
Indijska kopriva - Forskolin,FutuNatura,60 kapsul,16.49 €,,,"['rastlinski izvleček', 'uravnavanje telesne teže', 'presnova maščob']"
GABA 1000 mg,Vita World,120 tablet,32.99 €,,,"['visoka vsebnost', 'neesencialna aminokislina', 'zaviralni nevrotransmiter']"
L-karnitin 2000 mg – limona/limeta,QNT,700 ml,1.99 €,,,"['osvežilen okus', 'za športnike in aktivne', '0 kcal in brez sladkorja']"
Indijska kopriva - Forskolin,FutuNatura,60 kapsul,16.49 €,,,"['rastlinski izvleček', 'uravnavanje telesne teže', 'presnova maščob']"
Beta-alanin 4000 mg,OnEnergy,60 kapsul,5.99 €,7.99 €,-25%,"['aminokislina za športnike', 'visoka vsebnost', '4000 mg na 5 kapsul']"
3x 100 % kreatin monohidrat v prahu,OnEnergy,skupaj 1500 g,53.99 €,74.97 €,-28%,"['mikronizirana oblika', 'telesna zmogljivost', 'odlična topnost v vodi']"
AAKG Extreme 1400 mg MEGA CAPS,OnEnergy,120 kapsul,12.99 €,16.99 €,-24%,"['L-arginin alfa-ketoglutarat', 'za učinkovit trening', '1400 mg na 2 kapsuli']"
BIO Proteinska granola – arašid in kakav,Smart Organic,300 g,5.49 €,,,"['vegansko', 'brez glutena', 'visok delež beljakovin']"
Extreme podpora za moške,AllNutrition,120 kapsul,21.99 €,,,"['kompleks naravnih učinkovin', 'spolnost in energija', 'ustvarjeno za moške']"
Kolagen tipa II 250 mg,Bioherba,100 kapsul,21.99 €,,,"['za kosti, kožo in lase', '100 % naravno', 'iz piščančjega hrustanca']"
Slim Active kompleks,FutuNatura,120 kapsul,19.99 €,21.99 €,-9%,"['telesna teža', 'edinstvena kombinacija', 'podpora presnovi']"
Tavrin,AllNutrition,250 g,8.99 €,,,"['za pripravo napitka', 'za športnike', 'za 83 napitkov']"
3x Night FatBurn,OnEnergy,skupaj 360 kapsul,41.99 €,59.97 €,-30%,"['nadzor telesne teže', 'zmanjšanje apetita', 'Garcinia cambogia']"
Epsomska sol,NatVita,1200 g,7.99 €,,,"['magnezijev sulfat', 'grenka sol', 'vsestranska uporaba']"
Veganski kreatin monohidrat,ProFuel,500 g,27.99 €,,,"['več energije', 'pred treningom', 'telesna zmogljivost']"
L-Teanin 250 mg,Zein Pharma,90 kapsul,19.49 €,19.99 €,-3%,"['vsebnost polifenolov', 'naravna podpora', 'izvleček zelenega čaja']"
Magnezijevo olje v spreju,Heiltropfen,237 ml,17.99 €,18.99 €,-5%,"['z magnezijem izjemne kvalitete', 'enostavna in praktična uporaba', 'za do 1600 razpršitev']"
Novozelandska zelenousta školjka,Sanct Bernhard,300 kapsul,29.99 €,,,"['500 mg čistega koncentrata', 'naravni glukozaminoglikani', 'Perna canaliculus']"
Magnezijev L-treonat,ProFuel,120 kapsul,39.99 €,,,"['2000 mg magnezijevega L-treonata', 'podpora živčnemu sistemu', 'za energijo in delovanje mišic']"
Magnezijev klorid,Heiltropfen,454 g,14.99 €,,,"['ena izmed oblik magnezija', 'mineral v prahu', 'za pripravo napitka ali olja']"
Magnezijev oksid,Nature Love,90 kapsul,10.99 €,,,"['400 mg magnezija na kapsulo', 'za več energije', '100 % vegansko']"
ARTHRO Support Gel – masažni gel za sklepe,NewFood,200 ml,12.99 €,,,"['aromatičen vonj', 'sproščujoč učinek', 'za masažo kože']"
Magnezijev citrat v prahu,Raab Vitalfood,340 g,17.99 €,,,"['za pripravo napitka', 'proti utrujenosti', 'odlična absorpcija']"
L-lizin 1000 mg,HealthyWorld®,400 kapsul,16.99 €,19.99 €,-15%,"['hidrokloridna oblika', 'esencialna aminokislina', 's cinkom za imunski sistem']"
MCT C8:C10 Kokosovo Premium olje,OnEnergy,500 ml,13.99 €,19.99 €,-30%,"['brez dodanih konzervansov', '60 % kaprilne in 39 % kaprinske kisline', 'za nego, kuhanje in samostojno uporabo']"
L-arginin + L-citrulin kompleks 3000 mg,OnEnergy,250 kapsul,19.99 €,24.99 €,-20%,"['2 aminokislini', 'optimalno razmerje', '3000 mg v 5 kapsulah']"
Trimagnezij kompleks 2250 mg,OnEnergy,180 kapsul,14.99 €,18.99 €,-21%,"['2250 mg v 3 kapsulah', 'živčevje + kosti + mišice', 'zmanjševanje utrujenosti']"
Črna maca kompleks 24.000 mg,OnEnergy,240 kapsul,14.99 €,19.99 €,-25%,"['z dodanim L-argininom in cinkom', '1200 mg izvlečka 20:1 v 3 kapsulah', 'podpora zmogljivosti']"
Glukozamin + hondroitin,HealthyWorld®,180 kapsul,19.99 €,22.99 €,-13%,"['z vitaminom C', 'za nastajanje kolagena', 'vezivno tkivo in hrustanec']"
ALA – alfa lipoična kislina 650 mg,HealthyWorld®,180 kapsul,22.99 €,26.99 €,-15%,"['650 mg ALA v dnevnem odmerku', 'pretvarja hranila v energijo', 'za aktivne posameznike']"
L-lizin 1000 mg,OnEnergy,365 kapsul,14.99 €,19.99 €,-25%,"['aminokislina', 'odlična absoprcija in uporaba', '1000 mg na 2 kapsuli']"
ALA – alfa lipoična kislina 600 mg,OnEnergy,120 kapsul,19.99 €,24.99 €,-20%,"['600 mg ALA v dnevnem odmerku', 'za športnike in fizično aktivne', 'pretvarja hranila v energijo']"
Magnezijev kompleks,Nature Love,90 kapsul,13.99 €,,,"['odlična absorpcija', '5 oblik magnezija', '100 % vegansko']"
Glukozamin + hondroitin 1400 mg,OnEnergy,360 kapsul,24.99 €,29.99 €,-17%,"['z vitaminom C', 'za nastajanje kolagena', 'vezivno tkivo in hrustanec']"
L-karnitin 1000 mg,OnEnergy,180 kapsul,19.99 €,24.99 €,-20%,"['za aktivne osebe', 'visoka vsebnost', '1000 mg na 2 kapsuli']"
3x Elektroliti – šumeče tablete,OnEnergy,skupaj 60 šumečih tablet,5.39 €,7.47 €,-28%,"['podpora hidracije', 'natrij + kalij + klorid', 'enostavna priprava napitka']"
CLA 3000 mg – konjugirana linolna kislina,HealthyWorld®,180 mehkih kapsul,14.99 €,19.99 €,-25%,"['iz olja žafranike', '3000 mg CLA v 3 kapsulah', 'za aktivne posameznike']"
L-arginin HCL 4500 mg,HealthyWorld®,365 kapsul,19.99 €,22.99 €,-13%,"['aminokislina', '4500 mg v 6 kapsulah', 'biološko aktivna oblika']"
Kreatin monohidrat 3000 mg GIGA CAPS,OnEnergy,400 kapsul,19.99 €,24.99 €,-20%,"['visok dnevni odmerek', '3000 mg v 4 kapsulah', 'telesna zmogljivost']"
ZM6 – Magnezij s cinkom,OnEnergy,180 kapsul,14.99 €,19.99 €,-25%,"['z vitamini B-kompleksa', 'živčevje + mišice + odpornost', 'zmanjševanje utrujenosti']"
Kreatin monohidrat 3000 mg,OnEnergy,240 kapsul,14.99 €,19.99 €,-25%,"['za fizično aktivne', '3000 mg v 4 kapsulah', 'telesna zmogljivost']"
L-tirozin 1000 mg (na dnevni odmerek),HealthyWorld®,365 kapsul,19.99 €,24.99 €,-20%,"['1000 mg v 2 kapsulah', 'z vitaminoma B3 in B12', 'energija, živci, psihološko delovanje']"
3x Testosterole Extreme,FutuNatura,skupaj 90 kapsul,16.49 €,23.97 €,-31%,"['vsebuje sojine fitosterole', 'z rastlinskimi izvlečki', 'za vzdržljivost in moč']"
BIO Guarana 2000 mg,Diet Food,145 kapsul,17.99 €,,,"['Paullinia cupana', 'kavi podoben učinek', '2000 mg v 4 kapsulah']"
3x Forskolin – iz izvlečka indijske koprive 20 mg,HealthyWorld®,skupaj 180 kapsul,38.99 €,59.97 €,-35%,"['Coleus forskohlii', '2 mg čistega forskolina na\xa0kapsulo', 'podpora telesa med hujšanjem']"
3x AAKG Extreme 1400 mg MEGA CAPS,OnEnergy,skupaj 360 kapsul,35.99 €,50.97 €,-29%,"['L-arginin alfa-ketoglutarat', 'za učinkovit trening', '1400 mg na 2 kapsuli']"
3x ALA – alfa lipoična kislina 600 mg,OnEnergy,skupaj 360 kapsul,53.99 €,74.97 €,-28%,"['600 mg ALA v dnevnem odmerku', 'za športnike in fizično aktivne', 'pretvarja hranila v energijo']"
3x Magnezijev klorid v prahu,FutuNatura,skupaj 3000 g,35.99 €,44.97 €,-20%,"['različni načini uporabe', 'dobro topen v vodi', 'MgCl2+ 6H2O']"
3x BCAA 2:1:1 Mega 700 mg,OnEnergy,skupaj 1200 kapsul,53.99 €,74.97 €,-28%,"['5600 mg BCAA na dan', 'za športnike in aktivne', 'levcin +\xa0izolevcin + valin']"
TunnelBlick PUMP veganski kompleks aminokislin – ledeni čaj breskev,ProFuel,440 g,29.99 €,,,"['magnezij + B3 + B5', 'aminokisline', 'za pred vadbo']"
3x Liposomski turkesteron 10 %,OnEnergy,skupaj 270 kapsul,53.99 €,74.97 €,-28%,"['iz izvlečkaAjuga turkestanica', 'standardiziran na 10 %', 'podaljšano sproščanje']"
L-karnitin 1000 mg,QNT,90 tablet,19.99 €,,,"['1000 mg l-karnitina v 1 tableti', 'ustvarjen za športnike', 'odlična absorpcija']"
3x Whey proteini iz sirotke – vanilja,OnEnergy,skupaj 3000 g,83.99 €,98.97 €,-15%,"['osnovni gradniki mišic', 'samo 114 kcal na porcijo', 'visoka vsebnost beljakovin']"
BIO Sadne kocke Activity – z beljakovinami,Diet Food,120 g,3.99 €,,,"['okusen prigrizek', 'za aktivne', 'z baobabom in kokosom']"
BIO Bučne beljakovine,Raab Vitalfood,500 g,14.99 €,,,"['visoka vsebnost beljakovin', 'veganska sestava', '60 % proteinov']"
Magnezijev glicinat,Focus Supplements,90 kapsul,16.49 €,16.99 €,-3%,"['pomemben mineral', 'bioaktivna oblika magnezija', 'kosti, mišice, energija']"
PowerRose Pre-workout,AllNutrition,450 g,36.99 €,39.99 €,-8%,"['za energijo', 'okus tropske pomaranče', 's sladili']"
V-Protein Classic veganski proteini – čokolada,ProFuel,1000 g,29.99 €,,,"['izolat grahovih proteinov', 'visoka vsebnost beljakovin', 'brez sladkorjev, laktoze']"
"WHEY Lactose Free, proteini iz sirotke brez laktoze – karamela",AllNutrition,700 g,34.99 €,,,"['za mišice', 'brez glutena', 'za okusen proteinski shake']"
L-lizin,Sanct Bernhard,180 tablet,17.99 €,18.49 €,-3%,"['hidrokloridna oblika', 'aminokislina', 'vegansko']"
Gainer Delicious – toffee,AllNutrition,1000 g,17.99 €,,,"['mišična masa', 'sirotkini proteini', 'pred ali po vadbi']"
Kreatin monohidrat 2000 mg,NewFood,90 tablet,19.99 €,,,"['patentiran izvleček Creapure®', '2000 mg v priporočenem odmerku', 'za fizično aktivne']"
Cink Sport,Genius Nutrition,60 tablet,9.99 €,,,"['za fizično aktivne', 'podpora imunskega sistema', 'hitra absorpcija']"
Guarana v prahu,Intenson,100 g,23.49 €,,,"['vsebuje kofein', 'za smoothije', 'odličen nadomestek kave']"
BCAA 2:1:1 8000 mg – grenivka,QNT,700 ml,1.99 €,,,"['idealno razmerje BCAA', 'za športnike in aktivne', 'sinteza mišičnih beljakovin']"
Glukozamin in hondroitin kompleks,Genius Nutrition,90 kapsul,18.99 €,,,"['podpora vezivnega tkiva', 'delovanje mišic', 'vitamina C in D3']"
Veganski Alpha EAA – češnja,ProFuel,462 g,33.49 €,,,"['za pred, med in po treningu', 's sladilom sukraloza', '8 esencialnih aminokislin']"
3x BCAA 2:1:1 – limona-limeta,OnEnergy,skupaj 1500 g,53.99 €,74.97 €,-28%,"['prah za pripravo napitka', 'za pred in po vadbi', 'levcin +\xa0izolevcin + valin']"
"3x EAA  v prahu – ananas, limona, pomaranča",OnEnergy,skupaj 1500 g,71.99 €,89.97 €,-20%,"['7 esencialnih aminokislin', 'prah za pripravo napitka', 's priloženo merilno žličko']"
Vitko poletje: 1x Zelena kava + 1x L-karnitin,FutuNatura,komplet,28.49 €,31.98 €,-11%,"['odlična kombinacija', 'super izbira za aktivne osebe', 'podpora pri uravnavanju telesne teže']"
Kompleks za energijo,Granions Laboratoire,45 tablet,21.99 €,,,"['rastlinski izvlečki', 'za utrujenost in izčrpanost', 's kofeinom']"
Veganski Alphaminos BCAA 2:1:1 – češnja,ProFuel,300 g,25.99 €,,,"['za več energije', 's sladilom sukraloza', 'kompleks 3 aminokislin']"
3x L-treonin 1500 mg,OnEnergy,skupaj 360 kapsul,26.99 €,38.97 €,-31%,"['esencialna aminokislina', 'visoka vsebnost', '1500 mg v 3 kapsulah']"
3x L-tirozin,OnEnergy,skupaj 1500 g,50.99 €,59.97 €,-15%,"['aminokislina v prahu', 'nevtralnega okusa', 'visoka koncentracija']"
3x Beta-alanin v prahu,OnEnergy,skupaj 1500 g,41.99 €,59.97 €,-30%,"['za pripravo napitka', 'nevtralnega okusa', 'visoka koncentracija']"
Veganski L-arginin,ProFuel,360 kapsul,25.99 €,,,"['esencialna aminokislina', 'za športnike', '100 % L-arginin']"
L-teanin 300 mg,Focus Supplements,180 kapsul,34.99 €,,,"['izvleček zelenega čaja', '300 mg na 2 kapsuli', 'vegansko']"
3x Magnezijev oksid 400 mg,HealthyWorld®,skupaj 1095 kapsul,53.99 €,74.97 €,-28%,"['za mišice in živčni sistem', 'proti utrujenosti', '400 mg na 1 kapsulo']"
Kreatin monohidrat 2000 mg,Genius Nutrition,60 kapsul,15.99 €,,,"['za fizično aktivne', 'brez glutena in laktoze', '2000 mg v 2 kapsulah']"
3x L-karnozin 1000 mg,OnEnergy,skupaj 360 kapsul,68.99 €,89.97 €,-23%,"['1000 mg v 2 kapsulah', 'za športnike, starejše …', 'visoka biorazpoložljivost']"
Cuts 4 All – kompleks z zelenim čajem in piperinom,AllNutrition,120 tablet,27.99 €,,,"['inozitol + holin + l-karnitin', '5 rastlinskih izvlečkov', 'presnova makrohranil']"
Elite – Pre-Workout napitek,QNT,80 ml,1.99 €,2.49 €,-20%,"['primerno za športnike', 'odlična absorpcija', 'okus češnja-grozdje']"
L-lizin + cink,Raab Vitalfood,100 kapsul,16.99 €,,,"['aminokislina + mineral', 'ohranjanje\xa0zdrave kože', 'delitev celic']"
